[{"model": "admin.logentry", "pk": 1, "fields": {"action_time": "2020-12-08T16:19:31.980Z", "user": 1, "content_type": 7, "object_id": "1", "object_repr": "worldofwine.example.com", "action_flag": 2, "change_message": "[{\"changed\": {\"fields\": [\"Domain name\", \"Display name\"]}}]"}}, {"model": "admin.logentry", "pk": 2, "fields": {"action_time": "2020-12-08T16:27:51.500Z", "user": 1, "content_type": 8, "object_id": "1", "object_repr": "rossgeography@yahoo.com", "action_flag": 1, "change_message": "[{\"added\": {}}]"}}, {"model": "admin.logentry", "pk": 3, "fields": {"action_time": "2020-12-15T15:57:20.311Z", "user": 1, "content_type": 15, "object_id": "45", "object_repr": "Arte Noble", "action_flag": 2, "change_message": "[]"}}, {"model": "admin.logentry", "pk": 4, "fields": {"action_time": "2020-12-15T16:06:32.699Z", "user": 1, "content_type": 14, "object_id": "1", "object_repr": "Region object (1)", "action_flag": 1, "change_message": "[{\"added\": {}}]"}}, {"model": "admin.logentry", "pk": 5, "fields": {"action_time": "2020-12-15T16:12:08.735Z", "user": 1, "content_type": 14, "object_id": "1", "object_repr": "Region object (1)", "action_flag": 3, "change_message": ""}}, {"model": "admin.logentry", "pk": 6, "fields": {"action_time": "2020-12-15T16:40:54.496Z", "user": 1, "content_type": 14, "object_id": "20", "object_repr": "Stellenbosch - South Africa", "action_flag": 2, "change_message": "[{\"changed\": {\"fields\": [\"Country of Origin\"]}}]"}}, {"model": "admin.logentry", "pk": 7, "fields": {"action_time": "2020-12-15T16:41:09.520Z", "user": 1, "content_type": 14, "object_id": "19", "object_repr": "Robertson - South Africa", "action_flag": 2, "change_message": "[{\"changed\": {\"fields\": [\"Country of Origin\"]}}]"}}, {"model": "admin.logentry", "pk": 8, "fields": {"action_time": "2020-12-15T16:41:21.703Z", "user": 1, "content_type": 14, "object_id": "18", "object_repr": "Swartland - South Africa", "action_flag": 2, "change_message": "[{\"changed\": {\"fields\": [\"Country of Origin\"]}}]"}}, {"model": "admin.logentry", "pk": 9, "fields": {"action_time": "2020-12-15T16:42:30.300Z", "user": 1, "content_type": 14, "object_id": "12", "object_repr": "Sussex - United Kingdom", "action_flag": 2, "change_message": "[{\"changed\": {\"fields\": [\"Country of Origin\"]}}]"}}, {"model": "admin.logentry", "pk": 10, "fields": {"action_time": "2020-12-15T17:55:55.966Z", "user": 1, "content_type": 13, "object_id": "2", "object_repr": "Wine object (2)", "action_flag": 2, "change_message": "[{\"changed\": {\"fields\": [\"Winery\", \"Red/White/Rose\", \"Style\", \"Region\"]}}]"}}, {"model": "admin.logentry", "pk": 11, "fields": {"action_time": "2020-12-15T18:00:13.893Z", "user": 1, "content_type": 13, "object_id": "3", "object_repr": "Domaine-De-La-Romanee-Conti-Romanee-Saint-Vivant-Grand-Cru-2017", "action_flag": 2, "change_message": "[{\"changed\": {\"fields\": [\"Winery\", \"Red/White/Rose\", \"Style\", \"Region\"]}}]"}}, {"model": "admin.logentry", "pk": 12, "fields": {"action_time": "2020-12-15T18:00:58.428Z", "user": 1, "content_type": 13, "object_id": "2", "object_repr": "Penfolds-Grange-2015", "action_flag": 2, "change_message": "[{\"changed\": {\"fields\": [\"Style\"]}}]"}}, {"model": "admin.logentry", "pk": 13, "fields": {"action_time": "2020-12-15T18:01:14.003Z", "user": 1, "content_type": 13, "object_id": "3", "object_repr": "Domaine-De-La-Romanee-Conti-Romanee-Saint-Vivant-Grand-Cru-2017", "action_flag": 2, "change_message": "[{\"changed\": {\"fields\": [\"Style\"]}}]"}}, {"model": "admin.logentry", "pk": 14, "fields": {"action_time": "2020-12-15T18:01:39.807Z", "user": 1, "content_type": 13, "object_id": "3", "object_repr": "Domaine-De-La-Romanee-Conti-Romanee-Saint-Vivant-Grand-Cru-2017", "action_flag": 2, "change_message": "[{\"changed\": {\"fields\": [\"List price\"]}}]"}}, {"model": "admin.logentry", "pk": 15, "fields": {"action_time": "2020-12-15T18:02:31.846Z", "user": 1, "content_type": 13, "object_id": "4", "object_repr": "Cardinale-Estate-Cardinale-Estate-Red-2016", "action_flag": 2, "change_message": "[{\"changed\": {\"fields\": [\"Winery\", \"Red/White/Rose\", \"Style\", \"Region\", \"List price\", \"Discounted price\"]}}]"}}, {"model": "admin.logentry", "pk": 16, "fields": {"action_time": "2020-12-15T18:03:20.576Z", "user": 1, "content_type": 13, "object_id": "5", "object_repr": "Marchesi-De-Frescobaldi-Masseto-2015", "action_flag": 2, "change_message": "[{\"changed\": {\"fields\": [\"Winery\", \"Red/White/Rose\", \"Style\", \"Region\", \"List price\", \"Discounted price\"]}}]"}}, {"model": "admin.logentry", "pk": 17, "fields": {"action_time": "2020-12-15T18:04:33.726Z", "user": 1, "content_type": 13, "object_id": "6", "object_repr": "Verite-Le-Desir-2016", "action_flag": 2, "change_message": "[{\"changed\": {\"fields\": [\"Winery\", \"Red/White/Rose\", \"Style\", \"Region\", \"List price\", \"Discounted price\"]}}]"}}, {"model": "admin.logentry", "pk": 18, "fields": {"action_time": "2020-12-15T18:05:28.177Z", "user": 1, "content_type": 13, "object_id": "7", "object_repr": "Kongsgaard-Syrah-2017", "action_flag": 2, "change_message": "[{\"changed\": {\"fields\": [\"Winery\", \"Red/White/Rose\", \"Style\", \"List price\", \"Discounted price\"]}}]"}}, {"model": "admin.logentry", "pk": 19, "fields": {"action_time": "2020-12-15T18:06:22.421Z", "user": 1, "content_type": 13, "object_id": "8", "object_repr": "Daou-Soul-Of-A-Lion-2017", "action_flag": 2, "change_message": "[{\"changed\": {\"fields\": [\"Winery\", \"Red/White/Rose\", \"Style\", \"Region\", \"List price\", \"Discounted price\"]}}]"}}, {"model": "admin.logentry", "pk": 20, "fields": {"action_time": "2020-12-15T18:07:05.784Z", "user": 1, "content_type": 13, "object_id": "9", "object_repr": "Beaulieu-Vineyard-Bv-Georges-De-Latour-2016", "action_flag": 2, "change_message": "[{\"changed\": {\"fields\": [\"Winery\", \"Red/White/Rose\", \"Style\", \"List price\", \"Discounted price\"]}}]"}}, {"model": "admin.logentry", "pk": 21, "fields": {"action_time": "2020-12-15T18:07:55.281Z", "user": 1, "content_type": 13, "object_id": "10", "object_repr": "Secret-Door-1X-Cabernet-Sauvignon-2017", "action_flag": 2, "change_message": "[{\"changed\": {\"fields\": [\"Winery\", \"Red/White/Rose\", \"Style\", \"Region\", \"List price\", \"Discounted price\"]}}]"}}, {"model": "admin.logentry", "pk": 22, "fields": {"action_time": "2020-12-15T18:09:06.730Z", "user": 1, "content_type": 13, "object_id": "11", "object_repr": "Mod-Selection-Champagne-Brut-Rose-2008", "action_flag": 2, "change_message": "[{\"changed\": {\"fields\": [\"Winery\", \"Red/White/Rose\", \"Style\", \"Region\", \"List price\", \"Discounted price\"]}}]"}}, {"model": "admin.logentry", "pk": 23, "fields": {"action_time": "2020-12-15T18:09:59.141Z", "user": 1, "content_type": 13, "object_id": "12", "object_repr": "Bollinger-La-Grande-Annee-Brut-Champagne-2008", "action_flag": 2, "change_message": "[{\"changed\": {\"fields\": [\"Winery\", \"Red/White/Rose\", \"Style\", \"Region\", \"List price\", \"Discounted price\"]}}]"}}, {"model": "admin.logentry", "pk": 24, "fields": {"action_time": "2020-12-15T18:11:19.319Z", "user": 1, "content_type": 13, "object_id": "13", "object_repr": "Palmaz-Vineyard-Florencia-Muscat-Canelli-2018", "action_flag": 2, "change_message": "[{\"changed\": {\"fields\": [\"Winery\", \"Red/White/Rose\", \"Style\", \"Region\", \"List price\", \"Discounted price\"]}}]"}}, {"model": "admin.logentry", "pk": 25, "fields": {"action_time": "2020-12-15T18:12:09.600Z", "user": 1, "content_type": 13, "object_id": "14", "object_repr": "Royal-Tokaji-Szt-Tamas-2013", "action_flag": 2, "change_message": "[{\"changed\": {\"fields\": [\"Winery\", \"Red/White/Rose\", \"Style\", \"Region\", \"List price\", \"Discounted price\"]}}]"}}, {"model": "admin.logentry", "pk": 26, "fields": {"action_time": "2020-12-15T18:12:56.597Z", "user": 1, "content_type": 13, "object_id": "15", "object_repr": "Marciano-Estate-Marciano-Estate-Blanc-2017", "action_flag": 2, "change_message": "[{\"changed\": {\"fields\": [\"Winery\", \"Red/White/Rose\", \"Style\", \"Region\", \"List price\"]}}]"}}, {"model": "admin.logentry", "pk": 27, "fields": {"action_time": "2020-12-15T18:13:54.238Z", "user": 1, "content_type": 13, "object_id": "16", "object_repr": "Domaine-Bonneau-Du-Martray-Corton-Charlemagne-Grand-Cru-2016", "action_flag": 2, "change_message": "[{\"changed\": {\"fields\": [\"Winery\", \"Red/White/Rose\", \"Style\", \"List price\"]}}]"}}, {"model": "admin.logentry", "pk": 28, "fields": {"action_time": "2020-12-15T18:15:13.446Z", "user": 1, "content_type": 13, "object_id": "17", "object_repr": "Castello-Della-Salla-Cervaro-Della-Sala-2018", "action_flag": 2, "change_message": "[{\"changed\": {\"fields\": [\"Winery\", \"Red/White/Rose\", \"Style\", \"List price\", \"Discounted price\"]}}]"}}, {"model": "admin.logentry", "pk": 29, "fields": {"action_time": "2020-12-15T18:15:46.032Z", "user": 1, "content_type": 13, "object_id": "16", "object_repr": "Domaine-Bonneau-Du-Martray-Corton-Charlemagne-Grand-Cru-2016", "action_flag": 2, "change_message": "[{\"changed\": {\"fields\": [\"Region\"]}}]"}}, {"model": "admin.logentry", "pk": 30, "fields": {"action_time": "2020-12-15T18:15:56.961Z", "user": 1, "content_type": 13, "object_id": "2", "object_repr": "Penfolds-Grange-2015", "action_flag": 2, "change_message": "[]"}}, {"model": "admin.logentry", "pk": 31, "fields": {"action_time": "2020-12-15T18:16:55.677Z", "user": 1, "content_type": 13, "object_id": "18", "object_repr": "Dom-Perignon-P2-Plenitude-Brut-Champagne-2002", "action_flag": 2, "change_message": "[{\"changed\": {\"fields\": [\"Winery\", \"Red/White/Rose\", \"Style\", \"Region\", \"List price\", \"Discounted price\"]}}]"}}, {"model": "admin.logentry", "pk": 32, "fields": {"action_time": "2020-12-15T18:17:47.066Z", "user": 1, "content_type": 13, "object_id": "19", "object_repr": "Vasse-Felix-Heytesbury-2016", "action_flag": 2, "change_message": "[{\"changed\": {\"fields\": [\"Winery\", \"Red/White/Rose\", \"Style\", \"Region\", \"List price\", \"Discounted price\"]}}]"}}, {"model": "admin.logentry", "pk": 33, "fields": {"action_time": "2020-12-15T18:18:36.478Z", "user": 1, "content_type": 13, "object_id": "20", "object_repr": "Biondi-Santi-Brunello-Di-Montalcino-Riserva-2011", "action_flag": 2, "change_message": "[{\"changed\": {\"fields\": [\"Winery\", \"Red/White/Rose\", \"Style\", \"Region\", \"List price\"]}}]"}}, {"model": "admin.logentry", "pk": 34, "fields": {"action_time": "2020-12-15T18:19:38.992Z", "user": 1, "content_type": 13, "object_id": "21", "object_repr": "E-Guigal-Cote-Rotie-La-Mouline-2014", "action_flag": 2, "change_message": "[{\"changed\": {\"fields\": [\"Winery\", \"Red/White/Rose\", \"Style\", \"Region\", \"List price\"]}}]"}}, {"model": "admin.logentry", "pk": 35, "fields": {"action_time": "2020-12-15T18:20:37.175Z", "user": 1, "content_type": 13, "object_id": "22", "object_repr": "Pol-Roger-2008-Cuvee-Sir-Winston-Churchill-2008", "action_flag": 2, "change_message": "[{\"changed\": {\"fields\": [\"Winery\", \"Red/White/Rose\", \"Style\", \"Region\", \"List price\", \"Discounted price\"]}}]"}}, {"model": "admin.logentry", "pk": 36, "fields": {"action_time": "2020-12-15T18:21:21.424Z", "user": 1, "content_type": 13, "object_id": "23", "object_repr": "Tillingham-Wines-Qvevri-White-2018", "action_flag": 2, "change_message": "[{\"changed\": {\"fields\": [\"Winery\", \"Red/White/Rose\", \"Style\", \"Region\", \"List price\", \"Discounted price\"]}}]"}}, {"model": "admin.logentry", "pk": 37, "fields": {"action_time": "2020-12-15T18:22:03.317Z", "user": 1, "content_type": 13, "object_id": "24", "object_repr": "Pol-Opuesto-El-Otro-Lado-2017", "action_flag": 2, "change_message": "[{\"changed\": {\"fields\": [\"Winery\", \"Red/White/Rose\", \"Style\", \"Region\", \"List price\"]}}]"}}, {"model": "admin.logentry", "pk": 38, "fields": {"action_time": "2020-12-15T18:23:22.291Z", "user": 1, "content_type": 13, "object_id": "25", "object_repr": "Valentina-Passalacqua-Nu-Litr-Bianco-2019", "action_flag": 2, "change_message": "[{\"changed\": {\"fields\": [\"Winery\", \"Red/White/Rose\", \"Style\", \"Region\", \"List price\", \"Discounted price\"]}}]"}}, {"model": "admin.logentry", "pk": 39, "fields": {"action_time": "2020-12-15T18:24:31.362Z", "user": 1, "content_type": 13, "object_id": "26", "object_repr": "Maurer-Kadarka-Nagy-Krisztus-2017", "action_flag": 2, "change_message": "[{\"changed\": {\"fields\": [\"Winery\", \"Red/White/Rose\", \"Style\", \"Region\", \"List price\", \"Discounted price\"]}}]"}}, {"model": "admin.logentry", "pk": 40, "fields": {"action_time": "2020-12-15T18:25:25.602Z", "user": 1, "content_type": 13, "object_id": "27", "object_repr": "Mother-Rock-Liquid-Skin-2019", "action_flag": 2, "change_message": "[{\"changed\": {\"fields\": [\"Winery\", \"Red/White/Rose\", \"Style\", \"List price\"]}}]"}}, {"model": "admin.logentry", "pk": 41, "fields": {"action_time": "2020-12-15T18:26:24.431Z", "user": 1, "content_type": 13, "object_id": "28", "object_repr": "Vino-Budimir-Tamjanika-Budimir-2017", "action_flag": 2, "change_message": "[{\"changed\": {\"fields\": [\"Winery\", \"Red/White/Rose\", \"Style\", \"Region\", \"List price\", \"Discounted price\"]}}]"}}, {"model": "admin.logentry", "pk": 42, "fields": {"action_time": "2020-12-15T18:27:11.414Z", "user": 1, "content_type": 13, "object_id": "29", "object_repr": "Vino-Budimir-Svb-Rosa-2017", "action_flag": 2, "change_message": "[{\"changed\": {\"fields\": [\"Winery\", \"Red/White/Rose\", \"Style\", \"Region\", \"List price\", \"Discounted price\"]}}]"}}, {"model": "admin.logentry", "pk": 43, "fields": {"action_time": "2020-12-15T18:28:15.095Z", "user": 1, "content_type": 13, "object_id": "30", "object_repr": "Catena-Alta-Chardonnay-2017", "action_flag": 2, "change_message": "[{\"changed\": {\"fields\": [\"Winery\", \"Red/White/Rose\", \"Style\", \"Region\", \"List price\"]}}]"}}, {"model": "admin.logentry", "pk": 44, "fields": {"action_time": "2020-12-15T18:28:42.418Z", "user": 1, "content_type": 13, "object_id": "27", "object_repr": "Mother-Rock-Liquid-Skin-2019", "action_flag": 2, "change_message": "[{\"changed\": {\"fields\": [\"Region\"]}}]"}}, {"model": "admin.logentry", "pk": 45, "fields": {"action_time": "2020-12-15T18:29:49.707Z", "user": 1, "content_type": 13, "object_id": "31", "object_repr": "Bodega-Salentein-Salentein-Malbec-Selection-2018", "action_flag": 2, "change_message": "[{\"changed\": {\"fields\": [\"Winery\", \"Red/White/Rose\", \"Style\", \"Region\", \"List price\", \"Discounted price\"]}}]"}}, {"model": "admin.logentry", "pk": 46, "fields": {"action_time": "2020-12-21T18:37:46.685Z", "user": 1, "content_type": 16, "object_id": "16", "object_repr": "3419B1636CB3409FB4805C77EAB5843F", "action_flag": 2, "change_message": "[]"}}, {"model": "admin.logentry", "pk": 47, "fields": {"action_time": "2020-12-21T18:39:21.383Z", "user": 1, "content_type": 16, "object_id": "16", "object_repr": "3419B1636CB3409FB4805C77EAB5843F", "action_flag": 3, "change_message": ""}}, {"model": "admin.logentry", "pk": 48, "fields": {"action_time": "2020-12-21T18:39:21.393Z", "user": 1, "content_type": 16, "object_id": "15", "object_repr": "A1A4C9C4B3394CC3AF549E791D88B86B", "action_flag": 3, "change_message": ""}}, {"model": "admin.logentry", "pk": 49, "fields": {"action_time": "2020-12-21T18:39:21.395Z", "user": 1, "content_type": 16, "object_id": "14", "object_repr": "0C5ED05CA756402EAF4D5BFC5CA44D90", "action_flag": 3, "change_message": ""}}, {"model": "admin.logentry", "pk": 50, "fields": {"action_time": "2020-12-21T18:39:21.401Z", "user": 1, "content_type": 16, "object_id": "13", "object_repr": "6326B9327F86423C8FE826FA76FBB523", "action_flag": 3, "change_message": ""}}, {"model": "admin.logentry", "pk": 51, "fields": {"action_time": "2020-12-21T18:39:21.403Z", "user": 1, "content_type": 16, "object_id": "12", "object_repr": "18CF34F171B045C18C9DCB9F4088FAC5", "action_flag": 3, "change_message": ""}}, {"model": "admin.logentry", "pk": 52, "fields": {"action_time": "2020-12-21T18:39:21.406Z", "user": 1, "content_type": 16, "object_id": "11", "object_repr": "C376BB0ABE9C4E68B76A5FFBB1EA1ECD", "action_flag": 3, "change_message": ""}}, {"model": "admin.logentry", "pk": 53, "fields": {"action_time": "2020-12-21T18:39:21.409Z", "user": 1, "content_type": 16, "object_id": "10", "object_repr": "EE1D39370EED429591DF982C11A537E2", "action_flag": 3, "change_message": ""}}, {"model": "admin.logentry", "pk": 54, "fields": {"action_time": "2020-12-21T18:39:21.412Z", "user": 1, "content_type": 16, "object_id": "9", "object_repr": "6FD70D08F69E40009CB2FE8EEA13CB4A", "action_flag": 3, "change_message": ""}}, {"model": "admin.logentry", "pk": 55, "fields": {"action_time": "2020-12-21T18:39:21.414Z", "user": 1, "content_type": 16, "object_id": "8", "object_repr": "1D1BDFF2C1424585ABAF4CFE07EFFF1C", "action_flag": 3, "change_message": ""}}, {"model": "admin.logentry", "pk": 56, "fields": {"action_time": "2020-12-21T18:39:21.417Z", "user": 1, "content_type": 16, "object_id": "7", "object_repr": "1F6AEC84C47940F9930CB7EA842E7F75", "action_flag": 3, "change_message": ""}}, {"model": "admin.logentry", "pk": 57, "fields": {"action_time": "2020-12-21T18:39:21.419Z", "user": 1, "content_type": 16, "object_id": "6", "object_repr": "50E8FAAF899741DEBCDDD14089A3F319", "action_flag": 3, "change_message": ""}}, {"model": "admin.logentry", "pk": 58, "fields": {"action_time": "2020-12-21T18:39:21.422Z", "user": 1, "content_type": 16, "object_id": "5", "object_repr": "5044340968BC4B88AFA55DEF4BEB7BB0", "action_flag": 3, "change_message": ""}}, {"model": "admin.logentry", "pk": 59, "fields": {"action_time": "2020-12-21T18:39:21.424Z", "user": 1, "content_type": 16, "object_id": "4", "object_repr": "01317C1C47724E059BB66C25D69B1485", "action_flag": 3, "change_message": ""}}, {"model": "admin.logentry", "pk": 60, "fields": {"action_time": "2020-12-21T18:39:21.427Z", "user": 1, "content_type": 16, "object_id": "3", "object_repr": "4A082CD265C84FA9B1C65CDAF53967FD", "action_flag": 3, "change_message": ""}}, {"model": "admin.logentry", "pk": 61, "fields": {"action_time": "2020-12-21T18:39:21.430Z", "user": 1, "content_type": 16, "object_id": "2", "object_repr": "10A4AC2CA1AD4C59BEAE7316AC7C4785", "action_flag": 3, "change_message": ""}}, {"model": "admin.logentry", "pk": 62, "fields": {"action_time": "2020-12-21T18:39:21.432Z", "user": 1, "content_type": 16, "object_id": "1", "object_repr": "0453388F25ED47C39264D4C1422FC5FE", "action_flag": 3, "change_message": ""}}, {"model": "admin.logentry", "pk": 63, "fields": {"action_time": "2020-12-21T18:41:32.687Z", "user": 1, "content_type": 16, "object_id": "16", "object_repr": "3419B1636CB3409FB4805C77EAB5843F", "action_flag": 3, "change_message": ""}}, {"model": "admin.logentry", "pk": 64, "fields": {"action_time": "2020-12-21T18:41:32.692Z", "user": 1, "content_type": 16, "object_id": "15", "object_repr": "A1A4C9C4B3394CC3AF549E791D88B86B", "action_flag": 3, "change_message": ""}}, {"model": "admin.logentry", "pk": 65, "fields": {"action_time": "2020-12-21T18:41:32.695Z", "user": 1, "content_type": 16, "object_id": "14", "object_repr": "0C5ED05CA756402EAF4D5BFC5CA44D90", "action_flag": 3, "change_message": ""}}, {"model": "admin.logentry", "pk": 66, "fields": {"action_time": "2020-12-21T18:41:32.698Z", "user": 1, "content_type": 16, "object_id": "13", "object_repr": "6326B9327F86423C8FE826FA76FBB523", "action_flag": 3, "change_message": ""}}, {"model": "admin.logentry", "pk": 67, "fields": {"action_time": "2020-12-21T18:41:32.700Z", "user": 1, "content_type": 16, "object_id": "12", "object_repr": "18CF34F171B045C18C9DCB9F4088FAC5", "action_flag": 3, "change_message": ""}}, {"model": "admin.logentry", "pk": 68, "fields": {"action_time": "2020-12-21T18:41:32.702Z", "user": 1, "content_type": 16, "object_id": "11", "object_repr": "C376BB0ABE9C4E68B76A5FFBB1EA1ECD", "action_flag": 3, "change_message": ""}}, {"model": "admin.logentry", "pk": 69, "fields": {"action_time": "2020-12-21T18:41:32.706Z", "user": 1, "content_type": 16, "object_id": "10", "object_repr": "EE1D39370EED429591DF982C11A537E2", "action_flag": 3, "change_message": ""}}, {"model": "admin.logentry", "pk": 70, "fields": {"action_time": "2020-12-21T18:41:32.708Z", "user": 1, "content_type": 16, "object_id": "9", "object_repr": "6FD70D08F69E40009CB2FE8EEA13CB4A", "action_flag": 3, "change_message": ""}}, {"model": "admin.logentry", "pk": 71, "fields": {"action_time": "2020-12-21T18:41:32.711Z", "user": 1, "content_type": 16, "object_id": "8", "object_repr": "1D1BDFF2C1424585ABAF4CFE07EFFF1C", "action_flag": 3, "change_message": ""}}, {"model": "admin.logentry", "pk": 72, "fields": {"action_time": "2020-12-21T18:41:32.714Z", "user": 1, "content_type": 16, "object_id": "7", "object_repr": "1F6AEC84C47940F9930CB7EA842E7F75", "action_flag": 3, "change_message": ""}}, {"model": "admin.logentry", "pk": 73, "fields": {"action_time": "2020-12-21T18:41:32.717Z", "user": 1, "content_type": 16, "object_id": "6", "object_repr": "50E8FAAF899741DEBCDDD14089A3F319", "action_flag": 3, "change_message": ""}}, {"model": "admin.logentry", "pk": 74, "fields": {"action_time": "2020-12-21T18:41:32.720Z", "user": 1, "content_type": 16, "object_id": "5", "object_repr": "5044340968BC4B88AFA55DEF4BEB7BB0", "action_flag": 3, "change_message": ""}}, {"model": "admin.logentry", "pk": 75, "fields": {"action_time": "2020-12-21T18:41:32.723Z", "user": 1, "content_type": 16, "object_id": "4", "object_repr": "01317C1C47724E059BB66C25D69B1485", "action_flag": 3, "change_message": ""}}, {"model": "admin.logentry", "pk": 76, "fields": {"action_time": "2020-12-21T18:41:32.725Z", "user": 1, "content_type": 16, "object_id": "3", "object_repr": "4A082CD265C84FA9B1C65CDAF53967FD", "action_flag": 3, "change_message": ""}}, {"model": "admin.logentry", "pk": 77, "fields": {"action_time": "2020-12-21T18:41:32.727Z", "user": 1, "content_type": 16, "object_id": "2", "object_repr": "10A4AC2CA1AD4C59BEAE7316AC7C4785", "action_flag": 3, "change_message": ""}}, {"model": "admin.logentry", "pk": 78, "fields": {"action_time": "2020-12-21T18:41:32.730Z", "user": 1, "content_type": 16, "object_id": "1", "object_repr": "0453388F25ED47C39264D4C1422FC5FE", "action_flag": 3, "change_message": ""}}, {"model": "admin.logentry", "pk": 79, "fields": {"action_time": "2020-12-21T19:00:44.495Z", "user": 1, "content_type": 16, "object_id": "17", "object_repr": "A1AC47019FDF45FBB4AD0F931D71C4B5", "action_flag": 2, "change_message": "[{\"changed\": {\"name\": \"order line item\", \"object\": \"SKU: CASTELLO-DELLA-SALLA-CERVARO-DELLA-SALA-2018 on Order: A1AC47019FDF45FBB4AD0F931D71C4B5\", \"fields\": [\"Quantity\"]}}]"}}, {"model": "admin.logentry", "pk": 80, "fields": {"action_time": "2020-12-21T19:00:54.701Z", "user": 1, "content_type": 16, "object_id": "17", "object_repr": "A1AC47019FDF45FBB4AD0F931D71C4B5", "action_flag": 2, "change_message": "[{\"changed\": {\"name\": \"order line item\", \"object\": \"SKU: CARDINALE-ESTATE-CARDINALE-ESTATE-RED-2016 on Order: A1AC47019FDF45FBB4AD0F931D71C4B5\", \"fields\": [\"Quantity\"]}}]"}}, {"model": "admin.logentry", "pk": 81, "fields": {"action_time": "2020-12-21T19:01:16.371Z", "user": 1, "content_type": 16, "object_id": "17", "object_repr": "A1AC47019FDF45FBB4AD0F931D71C4B5", "action_flag": 2, "change_message": "[{\"deleted\": {\"name\": \"order line item\", \"object\": \"SKU: CASTELLO-DELLA-SALLA-CERVARO-DELLA-SALA-2018 on Order: A1AC47019FDF45FBB4AD0F931D71C4B5\"}}]"}}, {"model": "admin.logentry", "pk": 82, "fields": {"action_time": "2020-12-21T19:08:42.921Z", "user": 1, "content_type": 16, "object_id": "17", "object_repr": "A1AC47019FDF45FBB4AD0F931D71C4B5", "action_flag": 2, "change_message": "[{\"changed\": {\"name\": \"order line item\", \"object\": \"SKU: CARDINALE-ESTATE-CARDINALE-ESTATE-RED-2016 on Order: A1AC47019FDF45FBB4AD0F931D71C4B5\", \"fields\": [\"Quantity\"]}}]"}}, {"model": "admin.logentry", "pk": 83, "fields": {"action_time": "2020-12-21T19:08:56.257Z", "user": 1, "content_type": 16, "object_id": "18", "object_repr": "05895E8078214683A3C6774CCB6131AF", "action_flag": 2, "change_message": "[]"}}, {"model": "admin.logentry", "pk": 84, "fields": {"action_time": "2020-12-21T19:09:31.649Z", "user": 1, "content_type": 16, "object_id": "18", "object_repr": "05895E8078214683A3C6774CCB6131AF", "action_flag": 2, "change_message": "[{\"deleted\": {\"name\": \"order line item\", \"object\": \"SKU: MARCHESI-DE-FRESCOBALDI-MASSETO-2015 on Order: 05895E8078214683A3C6774CCB6131AF\"}}]"}}, {"model": "admin.logentry", "pk": 85, "fields": {"action_time": "2020-12-21T19:12:19.444Z", "user": 1, "content_type": 16, "object_id": "19", "object_repr": "84F8810DCD9547969A7DEACD3649D12C", "action_flag": 2, "change_message": "[]"}}, {"model": "admin.logentry", "pk": 86, "fields": {"action_time": "2020-12-21T19:13:01.039Z", "user": 1, "content_type": 16, "object_id": "19", "object_repr": "84F8810DCD9547969A7DEACD3649D12C", "action_flag": 2, "change_message": "[]"}}, {"model": "admin.logentry", "pk": 87, "fields": {"action_time": "2020-12-23T16:01:58.108Z", "user": 1, "content_type": 16, "object_id": "37", "object_repr": "DC8D29FE7DE4435185CF5B46C0C752C2", "action_flag": 2, "change_message": "[{\"changed\": {\"fields\": [\"Customer\"]}}]"}}, {"model": "admin.logentry", "pk": 88, "fields": {"action_time": "2020-12-23T17:51:42.533Z", "user": 1, "content_type": 4, "object_id": "1", "object_repr": "RoZZaH", "action_flag": 2, "change_message": "[{\"changed\": {\"fields\": [\"First name\", \"Last name\"]}}]"}}, {"model": "admin.logentry", "pk": 89, "fields": {"action_time": "2020-12-23T17:52:02.661Z", "user": 1, "content_type": 4, "object_id": "2", "object_repr": "TestyMcTest", "action_flag": 2, "change_message": "[{\"changed\": {\"fields\": [\"First name\", \"Last name\"]}}]"}}, {"model": "admin.logentry", "pk": 90, "fields": {"action_time": "2020-12-23T21:40:53.576Z", "user": 1, "content_type": 13, "object_id": "54", "object_repr": "Penfolds-Random-Wine4-2020", "action_flag": 3, "change_message": ""}}, {"model": "admin.logentry", "pk": 91, "fields": {"action_time": "2020-12-23T21:40:53.601Z", "user": 1, "content_type": 13, "object_id": "52", "object_repr": "Penfolds-Random-Wine-2020", "action_flag": 3, "change_message": ""}}, {"model": "admin.logentry", "pk": 92, "fields": {"action_time": "2020-12-23T22:06:26.104Z", "user": 1, "content_type": 13, "object_id": "6", "object_repr": "Verite-Le-Desir-2016", "action_flag": 2, "change_message": "[{\"changed\": {\"fields\": [\"Grape (Blend)\"]}}]"}}, {"model": "admin.logentry", "pk": 93, "fields": {"action_time": "2020-12-23T22:08:04.870Z", "user": 1, "content_type": 13, "object_id": "6", "object_repr": "Verite-Le-Desir-2016", "action_flag": 2, "change_message": "[{\"changed\": {\"fields\": [\"Discounted price\"]}}]"}}, {"model": "admin.logentry", "pk": 94, "fields": {"action_time": "2020-12-28T13:47:49.735Z", "user": 1, "content_type": 13, "object_id": "56", "object_repr": "none-grange-2015", "action_flag": 3, "change_message": ""}}, {"model": "admin.logentry", "pk": 95, "fields": {"action_time": "2020-12-28T13:47:49.754Z", "user": 1, "content_type": 13, "object_id": "57", "object_repr": "none-romanee-saint-vivant-grand-cru-2017", "action_flag": 3, "change_message": ""}}, {"model": "admin.logentry", "pk": 96, "fields": {"action_time": "2020-12-28T13:47:49.758Z", "user": 1, "content_type": 13, "object_id": "58", "object_repr": "none-cardinale-estate-red-2016", "action_flag": 3, "change_message": ""}}, {"model": "admin.logentry", "pk": 97, "fields": {"action_time": "2020-12-28T13:47:49.762Z", "user": 1, "content_type": 13, "object_id": "59", "object_repr": "none-masseto-2015", "action_flag": 3, "change_message": ""}}, {"model": "admin.logentry", "pk": 98, "fields": {"action_time": "2020-12-28T13:47:49.766Z", "user": 1, "content_type": 13, "object_id": "60", "object_repr": "none-le-desir-2016", "action_flag": 3, "change_message": ""}}, {"model": "admin.logentry", "pk": 99, "fields": {"action_time": "2020-12-28T13:47:49.770Z", "user": 1, "content_type": 13, "object_id": "61", "object_repr": "none-syrah-2017", "action_flag": 3, "change_message": ""}}, {"model": "admin.logentry", "pk": 100, "fields": {"action_time": "2020-12-28T13:47:49.775Z", "user": 1, "content_type": 13, "object_id": "62", "object_repr": "none-soul-of-a-lion-2017", "action_flag": 3, "change_message": ""}}, {"model": "admin.logentry", "pk": 101, "fields": {"action_time": "2020-12-28T13:47:49.781Z", "user": 1, "content_type": 13, "object_id": "63", "object_repr": "none-bv-georges-de-latour-2016", "action_flag": 3, "change_message": ""}}, {"model": "admin.logentry", "pk": 102, "fields": {"action_time": "2020-12-28T13:47:49.788Z", "user": 1, "content_type": 13, "object_id": "64", "object_repr": "none-1x-cabernet-sauvignon-2017", "action_flag": 3, "change_message": ""}}, {"model": "admin.logentry", "pk": 103, "fields": {"action_time": "2020-12-28T13:47:49.792Z", "user": 1, "content_type": 13, "object_id": "65", "object_repr": "none-brut-rose-2008", "action_flag": 3, "change_message": ""}}, {"model": "admin.logentry", "pk": 104, "fields": {"action_time": "2020-12-28T13:47:49.794Z", "user": 1, "content_type": 13, "object_id": "66", "object_repr": "none-la-grande-annee-brut-champagne-2008", "action_flag": 3, "change_message": ""}}, {"model": "admin.logentry", "pk": 105, "fields": {"action_time": "2020-12-28T13:47:49.797Z", "user": 1, "content_type": 13, "object_id": "67", "object_repr": "none-florencia-muscat-canelli-2018", "action_flag": 3, "change_message": ""}}, {"model": "admin.logentry", "pk": 106, "fields": {"action_time": "2020-12-28T13:47:49.800Z", "user": 1, "content_type": 13, "object_id": "68", "object_repr": "none-szt-tamas-2013", "action_flag": 3, "change_message": ""}}, {"model": "admin.logentry", "pk": 107, "fields": {"action_time": "2020-12-28T13:47:49.803Z", "user": 1, "content_type": 13, "object_id": "69", "object_repr": "none-marciano-estate-blanc-2017", "action_flag": 3, "change_message": ""}}, {"model": "admin.logentry", "pk": 108, "fields": {"action_time": "2020-12-28T13:47:49.807Z", "user": 1, "content_type": 13, "object_id": "70", "object_repr": "none-corton-charlemagne-grand-cru-2016", "action_flag": 3, "change_message": ""}}, {"model": "admin.logentry", "pk": 109, "fields": {"action_time": "2020-12-28T13:47:49.809Z", "user": 1, "content_type": 13, "object_id": "71", "object_repr": "none-cervaro-della-sala-2018", "action_flag": 3, "change_message": ""}}, {"model": "admin.logentry", "pk": 110, "fields": {"action_time": "2020-12-28T13:47:49.813Z", "user": 1, "content_type": 13, "object_id": "72", "object_repr": "none-p2-plenitude-brut-champagne-2002", "action_flag": 3, "change_message": ""}}, {"model": "admin.logentry", "pk": 111, "fields": {"action_time": "2020-12-28T13:47:49.817Z", "user": 1, "content_type": 13, "object_id": "73", "object_repr": "none-heytesbury-2016", "action_flag": 3, "change_message": ""}}, {"model": "admin.logentry", "pk": 112, "fields": {"action_time": "2020-12-28T13:47:49.820Z", "user": 1, "content_type": 13, "object_id": "74", "object_repr": "none-brunello-di-montalcino-riserva-2011", "action_flag": 3, "change_message": ""}}, {"model": "admin.logentry", "pk": 113, "fields": {"action_time": "2020-12-28T13:47:49.824Z", "user": 1, "content_type": 13, "object_id": "75", "object_repr": "none-cote-rotie-la-mouline-2014", "action_flag": 3, "change_message": ""}}, {"model": "admin.logentry", "pk": 114, "fields": {"action_time": "2020-12-28T13:47:49.830Z", "user": 1, "content_type": 13, "object_id": "76", "object_repr": "none-2008-cuvee-sir-winston-churchill-2008", "action_flag": 3, "change_message": ""}}, {"model": "admin.logentry", "pk": 115, "fields": {"action_time": "2020-12-28T13:47:49.833Z", "user": 1, "content_type": 13, "object_id": "77", "object_repr": "none-qvevri-white-2018", "action_flag": 3, "change_message": ""}}, {"model": "admin.logentry", "pk": 116, "fields": {"action_time": "2020-12-28T13:47:49.836Z", "user": 1, "content_type": 13, "object_id": "78", "object_repr": "none-el-otro-lado-2017", "action_flag": 3, "change_message": ""}}, {"model": "admin.logentry", "pk": 117, "fields": {"action_time": "2020-12-28T13:47:49.842Z", "user": 1, "content_type": 13, "object_id": "79", "object_repr": "none-nu-litr-bianco-2019", "action_flag": 3, "change_message": ""}}, {"model": "admin.logentry", "pk": 118, "fields": {"action_time": "2020-12-28T13:47:49.846Z", "user": 1, "content_type": 13, "object_id": "80", "object_repr": "none-kadarka-nagy-krisztus-2017", "action_flag": 3, "change_message": ""}}, {"model": "admin.logentry", "pk": 119, "fields": {"action_time": "2020-12-28T13:47:49.851Z", "user": 1, "content_type": 13, "object_id": "81", "object_repr": "none-liquid-skin-2019", "action_flag": 3, "change_message": ""}}, {"model": "admin.logentry", "pk": 120, "fields": {"action_time": "2020-12-28T13:47:49.854Z", "user": 1, "content_type": 13, "object_id": "82", "object_repr": "none-tamjanika-budimir-2017", "action_flag": 3, "change_message": ""}}, {"model": "admin.logentry", "pk": 121, "fields": {"action_time": "2020-12-28T13:47:49.856Z", "user": 1, "content_type": 13, "object_id": "83", "object_repr": "none-svb-rosa-2017", "action_flag": 3, "change_message": ""}}, {"model": "admin.logentry", "pk": 122, "fields": {"action_time": "2020-12-28T13:47:49.858Z", "user": 1, "content_type": 13, "object_id": "84", "object_repr": "none-chardonnay-2017", "action_flag": 3, "change_message": ""}}, {"model": "admin.logentry", "pk": 123, "fields": {"action_time": "2020-12-28T13:47:49.861Z", "user": 1, "content_type": 13, "object_id": "85", "object_repr": "none-salentein-malbec-selection-2018", "action_flag": 3, "change_message": ""}}, {"model": "admin.logentry", "pk": 124, "fields": {"action_time": "2020-12-28T13:47:49.863Z", "user": 1, "content_type": 13, "object_id": "86", "object_repr": "none-ultra-malbec-las-rocas-2018", "action_flag": 3, "change_message": ""}}, {"model": "admin.logentry", "pk": 125, "fields": {"action_time": "2020-12-28T13:47:49.865Z", "user": 1, "content_type": 13, "object_id": "87", "object_repr": "none-finca-wolffer-rose-2019", "action_flag": 3, "change_message": ""}}, {"model": "admin.logentry", "pk": 126, "fields": {"action_time": "2020-12-28T13:47:49.871Z", "user": 1, "content_type": 13, "object_id": "88", "object_repr": "none-estate-torrontes-2018", "action_flag": 3, "change_message": ""}}, {"model": "admin.logentry", "pk": 127, "fields": {"action_time": "2020-12-28T13:47:49.874Z", "user": 1, "content_type": 13, "object_id": "89", "object_repr": "none-cabernet-franc-rose-2020", "action_flag": 3, "change_message": ""}}, {"model": "admin.logentry", "pk": 128, "fields": {"action_time": "2020-12-28T13:47:49.882Z", "user": 1, "content_type": 13, "object_id": "90", "object_repr": "none-brut-rose-2015", "action_flag": 3, "change_message": ""}}, {"model": "admin.logentry", "pk": 129, "fields": {"action_time": "2020-12-28T13:47:49.885Z", "user": 1, "content_type": 13, "object_id": "91", "object_repr": "none-field-blend-2003", "action_flag": 3, "change_message": ""}}, {"model": "admin.logentry", "pk": 130, "fields": {"action_time": "2020-12-28T13:47:49.888Z", "user": 1, "content_type": 13, "object_id": "92", "object_repr": "none-pinot-gris-2018", "action_flag": 3, "change_message": ""}}, {"model": "admin.logentry", "pk": 131, "fields": {"action_time": "2020-12-28T13:47:49.890Z", "user": 1, "content_type": 13, "object_id": "93", "object_repr": "none-pinot-noir-2018", "action_flag": 3, "change_message": ""}}, {"model": "admin.logentry", "pk": 132, "fields": {"action_time": "2020-12-28T13:47:49.892Z", "user": 1, "content_type": 13, "object_id": "94", "object_repr": "none-classic-cuvee-brut-2016", "action_flag": 3, "change_message": ""}}, {"model": "admin.logentry", "pk": 133, "fields": {"action_time": "2020-12-28T13:47:49.895Z", "user": 1, "content_type": 13, "object_id": "95", "object_repr": "none-reserve-petite-sirah-2017", "action_flag": 3, "change_message": ""}}, {"model": "admin.logentry", "pk": 134, "fields": {"action_time": "2020-12-28T13:47:49.898Z", "user": 1, "content_type": 13, "object_id": "96", "object_repr": "none-la-vie-blanc-2018", "action_flag": 3, "change_message": ""}}, {"model": "admin.logentry", "pk": 135, "fields": {"action_time": "2020-12-28T13:47:49.902Z", "user": 1, "content_type": 13, "object_id": "97", "object_repr": "none-flam-rose-2019", "action_flag": 3, "change_message": ""}}, {"model": "admin.logentry", "pk": 136, "fields": {"action_time": "2020-12-28T13:47:49.905Z", "user": 1, "content_type": 13, "object_id": "98", "object_repr": "none-family-reserve-cabarnet-sauvignon-cabernet-franc-2017", "action_flag": 3, "change_message": ""}}, {"model": "admin.logentry", "pk": 137, "fields": {"action_time": "2020-12-28T13:47:49.908Z", "user": 1, "content_type": 13, "object_id": "99", "object_repr": "none-gran-reserva-syrah-cabernet-sauvignon-2017", "action_flag": 3, "change_message": ""}}, {"model": "admin.logentry", "pk": 138, "fields": {"action_time": "2020-12-28T13:47:49.917Z", "user": 1, "content_type": 13, "object_id": "100", "object_repr": "none-reserve-carmenere-2013", "action_flag": 3, "change_message": ""}}, {"model": "admin.logentry", "pk": 139, "fields": {"action_time": "2020-12-28T13:47:49.920Z", "user": 1, "content_type": 13, "object_id": "101", "object_repr": "none-reserve-chardonnay-2017", "action_flag": 3, "change_message": ""}}, {"model": "admin.logentry", "pk": 140, "fields": {"action_time": "2020-12-28T13:47:49.923Z", "user": 1, "content_type": 13, "object_id": "102", "object_repr": "none-sauvignon-blanc-2019", "action_flag": 3, "change_message": ""}}, {"model": "admin.logentry", "pk": 141, "fields": {"action_time": "2020-12-28T13:47:49.925Z", "user": 1, "content_type": 13, "object_id": "103", "object_repr": "none-parcela-7-gran-reserva-2015", "action_flag": 3, "change_message": ""}}, {"model": "admin.logentry", "pk": 142, "fields": {"action_time": "2020-12-28T13:47:49.928Z", "user": 1, "content_type": 13, "object_id": "104", "object_repr": "none-massal-1945-2017", "action_flag": 3, "change_message": ""}}, {"model": "admin.logentry", "pk": 143, "fields": {"action_time": "2020-12-28T13:47:49.932Z", "user": 1, "content_type": 13, "object_id": "105", "object_repr": "none-late-harvest-2017", "action_flag": 3, "change_message": ""}}, {"model": "admin.logentry", "pk": 144, "fields": {"action_time": "2020-12-28T15:30:43.437Z", "user": 1, "content_type": 13, "object_id": "3", "object_repr": "Domaine-De-La-Romanee-Conti-Romanee-Saint-Vivant-Grand-Cru-2017", "action_flag": 2, "change_message": "[{\"changed\": {\"fields\": [\"Description\"]}}]"}}, {"model": "admin.logentry", "pk": 145, "fields": {"action_time": "2020-12-28T15:31:52.000Z", "user": 1, "content_type": 13, "object_id": "3", "object_repr": "Domaine-De-La-Romanee-Conti-Romanee-Saint-Vivant-Grand-Cru-2017", "action_flag": 2, "change_message": "[{\"changed\": {\"fields\": [\"Description\"]}}]"}}, {"model": "admin.logentry", "pk": 146, "fields": {"action_time": "2020-12-28T16:09:16.888Z", "user": 1, "content_type": 13, "object_id": "5", "object_repr": "Marchesi-De-Frescobaldi-Masseto-2015", "action_flag": 2, "change_message": "[{\"changed\": {\"fields\": [\"Description\"]}}]"}}, {"model": "admin.logentry", "pk": 147, "fields": {"action_time": "2020-12-28T20:31:59.847Z", "user": 1, "content_type": 13, "object_id": "32", "object_repr": "Kaiken-Ultra-Malbec-Las-Rocas-2018", "action_flag": 2, "change_message": "[{\"changed\": {\"fields\": [\"Winery\", \"Red/White/Rose\", \"Style\", \"Region\"]}}]"}}, {"model": "admin.logentry", "pk": 148, "fields": {"action_time": "2020-12-28T20:33:11.930Z", "user": 1, "content_type": 13, "object_id": "33", "object_repr": "Wolffer-Estate-Finca-Wolffer-Rose-2019", "action_flag": 2, "change_message": "[{\"changed\": {\"fields\": [\"Winery\", \"Red/White/Rose\", \"Style\", \"Region\", \"List price\", \"Discounted price\"]}}]"}}, {"model": "admin.logentry", "pk": 149, "fields": {"action_time": "2020-12-28T20:33:37.208Z", "user": 1, "content_type": 13, "object_id": "32", "object_repr": "Kaiken-Ultra-Malbec-Las-Rocas-2018", "action_flag": 2, "change_message": "[{\"changed\": {\"fields\": [\"List price\"]}}]"}}, {"model": "admin.logentry", "pk": 150, "fields": {"action_time": "2020-12-28T20:34:49.711Z", "user": 1, "content_type": 13, "object_id": "34", "object_repr": "Bodega-Colome-Estate-Torrontes-2018", "action_flag": 2, "change_message": "[{\"changed\": {\"fields\": [\"Winery\", \"Red/White/Rose\", \"Style\", \"Region\", \"List price\", \"Discounted price\"]}}]"}}, {"model": "admin.logentry", "pk": 151, "fields": {"action_time": "2020-12-28T20:35:57.866Z", "user": 1, "content_type": 13, "object_id": "35", "object_repr": "Delaire-Graff-Cabernet-Franc-Rose-2020", "action_flag": 2, "change_message": "[{\"changed\": {\"fields\": [\"Winery\", \"Red/White/Rose\", \"Style\", \"Region\", \"List price\"]}}]"}}, {"model": "admin.logentry", "pk": 152, "fields": {"action_time": "2020-12-28T20:36:54.592Z", "user": 1, "content_type": 13, "object_id": "33", "object_repr": "Wolffer-Estate-Finca-Wolffer-Rose-2019", "action_flag": 2, "change_message": "[{\"changed\": {\"fields\": [\"Red/White/Rose\"]}}]"}}, {"model": "admin.logentry", "pk": 153, "fields": {"action_time": "2020-12-28T20:37:15.238Z", "user": 1, "content_type": 13, "object_id": "34", "object_repr": "Bodega-Colome-Estate-Torrontes-2018", "action_flag": 2, "change_message": "[{\"changed\": {\"fields\": [\"Red/White/Rose\"]}}]"}}, {"model": "admin.logentry", "pk": 154, "fields": {"action_time": "2020-12-28T20:38:03.732Z", "user": 1, "content_type": 13, "object_id": "36", "object_repr": "Graham-Beck-Brut-Rose-2015", "action_flag": 2, "change_message": "[{\"changed\": {\"fields\": [\"Winery\", \"Red/White/Rose\", \"Style\", \"Region\"]}}]"}}, {"model": "admin.logentry", "pk": 155, "fields": {"action_time": "2020-12-28T20:39:08.859Z", "user": 1, "content_type": 13, "object_id": "37", "object_repr": "Beyerskloof-Field-Blend-2003", "action_flag": 2, "change_message": "[{\"changed\": {\"fields\": [\"Winery\", \"Red/White/Rose\", \"Style\", \"Region\", \"List price\", \"Discounted price\"]}}]"}}, {"model": "admin.logentry", "pk": 156, "fields": {"action_time": "2020-12-28T20:40:05.785Z", "user": 1, "content_type": 13, "object_id": "38", "object_repr": "Stopham-Estate-Pinot-Gris-2018", "action_flag": 2, "change_message": "[{\"changed\": {\"fields\": [\"Winery\", \"Red/White/Rose\", \"Style\", \"Region\", \"List price\", \"Discounted price\"]}}]"}}, {"model": "admin.logentry", "pk": 157, "fields": {"action_time": "2020-12-28T20:40:48.620Z", "user": 1, "content_type": 13, "object_id": "39", "object_repr": "Bolney-Wine-Estate-Pinot-Noir-2018", "action_flag": 2, "change_message": "[{\"changed\": {\"fields\": [\"Winery\", \"Red/White/Rose\", \"Style\", \"Region\", \"List price\", \"Discounted price\"]}}]"}}, {"model": "admin.logentry", "pk": 158, "fields": {"action_time": "2020-12-28T20:42:12.517Z", "user": 1, "content_type": 13, "object_id": "40", "object_repr": "Rathfinny-Classic-Cuvee-Brut-2016", "action_flag": 2, "change_message": "[{\"changed\": {\"fields\": [\"Winery\", \"Red/White/Rose\", \"Style\", \"Region\", \"List price\", \"Discounted price\"]}}]"}}, {"model": "admin.logentry", "pk": 159, "fields": {"action_time": "2020-12-28T20:43:03.682Z", "user": 1, "content_type": 13, "object_id": "41", "object_repr": "Recanti-Reserve-Petite-Sirah-2017", "action_flag": 2, "change_message": "[{\"changed\": {\"fields\": [\"Winery\", \"Red/White/Rose\", \"Style\", \"Region\", \"List price\"]}}]"}}, {"model": "admin.logentry", "pk": 160, "fields": {"action_time": "2020-12-28T20:44:09.227Z", "user": 1, "content_type": 13, "object_id": "42", "object_repr": "Domaine-Du-Castel-La-Vie-Blanc-2018", "action_flag": 2, "change_message": "[{\"changed\": {\"fields\": [\"Winery\", \"Red/White/Rose\", \"Style\", \"Region\", \"List price\", \"Discounted price\"]}}]"}}, {"model": "admin.logentry", "pk": 161, "fields": {"action_time": "2020-12-28T20:44:53.996Z", "user": 1, "content_type": 13, "object_id": "43", "object_repr": "Flam-Winery-Flam-Rose-2019", "action_flag": 2, "change_message": "[{\"changed\": {\"fields\": [\"Winery\", \"Red/White/Rose\", \"Style\", \"Region\", \"List price\"]}}]"}}, {"model": "admin.logentry", "pk": 162, "fields": {"action_time": "2020-12-28T20:45:56.893Z", "user": 1, "content_type": 13, "object_id": "44", "object_repr": "Potro-De-Piedra-Family-Reserve-Cabarnet-Sauvignon-Cabernet-Franc-2017", "action_flag": 2, "change_message": "[{\"changed\": {\"fields\": [\"Winery\", \"Red/White/Rose\", \"Style\", \"Region\", \"List price\"]}}]"}}, {"model": "admin.logentry", "pk": 163, "fields": {"action_time": "2020-12-28T20:46:43.459Z", "user": 1, "content_type": 13, "object_id": "45", "object_repr": "Toro-De-Piedra-Gran-Reserva-Syrah-Cabernet-Sauvignon-2017", "action_flag": 2, "change_message": "[{\"changed\": {\"fields\": [\"Winery\", \"Red/White/Rose\", \"Style\", \"Region\", \"List price\", \"Discounted price\"]}}]"}}, {"model": "admin.logentry", "pk": 164, "fields": {"action_time": "2020-12-28T20:47:52.865Z", "user": 1, "content_type": 13, "object_id": "46", "object_repr": "Puerto-Viejo-Reserve-Carmenere-2013", "action_flag": 2, "change_message": "[{\"changed\": {\"fields\": [\"Winery\", \"Red/White/Rose\", \"Style\", \"Region\", \"List price\"]}}]"}}, {"model": "admin.logentry", "pk": 165, "fields": {"action_time": "2020-12-28T20:48:41.483Z", "user": 1, "content_type": 13, "object_id": "47", "object_repr": "Puerto-Viejo-Reserve-Chardonnay-2017", "action_flag": 2, "change_message": "[{\"changed\": {\"fields\": [\"Winery\", \"Red/White/Rose\", \"Style\", \"Region\", \"List price\"]}}]"}}, {"model": "admin.logentry", "pk": 166, "fields": {"action_time": "2020-12-28T20:49:56.425Z", "user": 1, "content_type": 13, "object_id": "48", "object_repr": "Arte-Noble-Sauvignon-Blanc-2019", "action_flag": 2, "change_message": "[{\"changed\": {\"fields\": [\"Winery\", \"Red/White/Rose\", \"Style\", \"Region\", \"List price\", \"Discounted price\"]}}]"}}, {"model": "admin.logentry", "pk": 167, "fields": {"action_time": "2020-12-28T20:50:53.750Z", "user": 1, "content_type": 13, "object_id": "49", "object_repr": "Von-Siebenthal-Parcela-7-Gran-Reserva-2015", "action_flag": 2, "change_message": "[{\"changed\": {\"fields\": [\"Winery\", \"Red/White/Rose\", \"Style\", \"Region\", \"List price\"]}}]"}}, {"model": "admin.logentry", "pk": 168, "fields": {"action_time": "2020-12-28T20:52:01.822Z", "user": 1, "content_type": 13, "object_id": "50", "object_repr": "Clos-De-Luz-Massal-1945-2017", "action_flag": 2, "change_message": "[{\"changed\": {\"fields\": [\"Winery\", \"Red/White/Rose\", \"Style\", \"Region\", \"List price\", \"Discounted price\"]}}]"}}, {"model": "admin.logentry", "pk": 169, "fields": {"action_time": "2020-12-28T20:52:26.763Z", "user": 1, "content_type": 13, "object_id": "49", "object_repr": "Von-Siebenthal-Parcela-7-Gran-Reserva-2015", "action_flag": 2, "change_message": "[{\"changed\": {\"fields\": [\"Region\"]}}]"}}, {"model": "admin.logentry", "pk": 170, "fields": {"action_time": "2020-12-28T20:53:03.551Z", "user": 1, "content_type": 13, "object_id": "51", "object_repr": "Errazuriz-Late-Harvest-2017", "action_flag": 2, "change_message": "[{\"changed\": {\"fields\": [\"Winery\", \"Red/White/Rose\", \"Style\", \"Region\", \"List price\"]}}]"}}, {"model": "admin.logentry", "pk": 171, "fields": {"action_time": "2020-12-28T20:53:18.765Z", "user": 1, "content_type": 13, "object_id": "51", "object_repr": "Errazuriz-Late-Harvest-2017", "action_flag": 2, "change_message": "[{\"changed\": {\"fields\": [\"Red/White/Rose\", \"Style\"]}}]"}}, {"model": "admin.logentry", "pk": 172, "fields": {"action_time": "2020-12-28T20:55:15.348Z", "user": 1, "content_type": 13, "object_id": "33", "object_repr": "Wolffer-Estate-Finca-Wolffer-Rose-2019", "action_flag": 2, "change_message": "[{\"changed\": {\"fields\": [\"Red/White/Rose\"]}}]"}}, {"model": "admin.logentry", "pk": 173, "fields": {"action_time": "2020-12-28T20:58:46.683Z", "user": 1, "content_type": 13, "object_id": "17", "object_repr": "Castello-Della-Salla-Cervaro-Della-Sala-2018", "action_flag": 2, "change_message": "[{\"changed\": {\"fields\": [\"Region\"]}}]"}}, {"model": "admin.logentry", "pk": 174, "fields": {"action_time": "2020-12-28T20:59:16.260Z", "user": 1, "content_type": 13, "object_id": "9", "object_repr": "Beaulieu-Vineyard-Bv-Georges-De-Latour-2016", "action_flag": 2, "change_message": "[{\"changed\": {\"fields\": [\"Region\"]}}]"}}, {"model": "admin.logentry", "pk": 175, "fields": {"action_time": "2020-12-28T20:59:43.236Z", "user": 1, "content_type": 13, "object_id": "7", "object_repr": "Kongsgaard-Syrah-2017", "action_flag": 2, "change_message": "[{\"changed\": {\"fields\": [\"Region\"]}}]"}}, {"model": "admin.logentry", "pk": 176, "fields": {"action_time": "2020-12-28T21:00:37.392Z", "user": 1, "content_type": 16, "object_id": "57", "object_repr": "A35F708515444BB08F1F4D061F82E77D", "action_flag": 3, "change_message": ""}}, {"model": "admin.logentry", "pk": 177, "fields": {"action_time": "2020-12-28T21:00:37.399Z", "user": 1, "content_type": 16, "object_id": "56", "object_repr": "C4726EB122C8433A956E69E634A01BE8", "action_flag": 3, "change_message": ""}}, {"model": "admin.logentry", "pk": 178, "fields": {"action_time": "2020-12-28T21:00:37.403Z", "user": 1, "content_type": 16, "object_id": "55", "object_repr": "C6B19A68CC454B658E2064E3AE39E6E8", "action_flag": 3, "change_message": ""}}, {"model": "admin.logentry", "pk": 179, "fields": {"action_time": "2020-12-28T21:00:37.406Z", "user": 1, "content_type": 16, "object_id": "54", "object_repr": "766EFBBD00A4484FA5ABE566BF3F7F43", "action_flag": 3, "change_message": ""}}, {"model": "admin.logentry", "pk": 180, "fields": {"action_time": "2020-12-28T21:00:37.409Z", "user": 1, "content_type": 16, "object_id": "53", "object_repr": "F7DCFA1DD387487EA55CCF38223EA028", "action_flag": 3, "change_message": ""}}, {"model": "admin.logentry", "pk": 181, "fields": {"action_time": "2020-12-28T21:00:37.413Z", "user": 1, "content_type": 16, "object_id": "52", "object_repr": "009289445C4F4D11998F0C994960AA29", "action_flag": 3, "change_message": ""}}, {"model": "admin.logentry", "pk": 182, "fields": {"action_time": "2020-12-28T21:00:37.416Z", "user": 1, "content_type": 16, "object_id": "51", "object_repr": "BDC38C1BA25349CB98F0C9E523E7C3F7", "action_flag": 3, "change_message": ""}}, {"model": "admin.logentry", "pk": 183, "fields": {"action_time": "2020-12-28T21:00:37.420Z", "user": 1, "content_type": 16, "object_id": "50", "object_repr": "D179E3900FC8426D9658D225AF5C5C01", "action_flag": 3, "change_message": ""}}, {"model": "admin.logentry", "pk": 184, "fields": {"action_time": "2020-12-28T21:00:37.423Z", "user": 1, "content_type": 16, "object_id": "49", "object_repr": "FF21919B607145BCA1CDF1F7BD88B92E", "action_flag": 3, "change_message": ""}}, {"model": "admin.logentry", "pk": 185, "fields": {"action_time": "2020-12-28T21:00:37.425Z", "user": 1, "content_type": 16, "object_id": "48", "object_repr": "EE7874A9BC10431C920195AE82225197", "action_flag": 3, "change_message": ""}}, {"model": "admin.logentry", "pk": 186, "fields": {"action_time": "2020-12-28T21:00:37.428Z", "user": 1, "content_type": 16, "object_id": "47", "object_repr": "DBF5AA02740E4D7FBF10A4D031E695CE", "action_flag": 3, "change_message": ""}}, {"model": "admin.logentry", "pk": 187, "fields": {"action_time": "2020-12-28T21:00:37.432Z", "user": 1, "content_type": 16, "object_id": "46", "object_repr": "BEB024E4851A4DE1AFFD295AD5574EEC", "action_flag": 3, "change_message": ""}}, {"model": "admin.logentry", "pk": 188, "fields": {"action_time": "2020-12-28T21:00:37.435Z", "user": 1, "content_type": 16, "object_id": "45", "object_repr": "99CD96F307324166993463F8EB5F70E8", "action_flag": 3, "change_message": ""}}, {"model": "admin.logentry", "pk": 189, "fields": {"action_time": "2020-12-28T21:00:37.437Z", "user": 1, "content_type": 16, "object_id": "44", "object_repr": "0E302F7D82EB449190ABB220E8E8E1A2", "action_flag": 3, "change_message": ""}}, {"model": "admin.logentry", "pk": 190, "fields": {"action_time": "2020-12-28T21:00:37.440Z", "user": 1, "content_type": 16, "object_id": "43", "object_repr": "DA0072BA17C548F9A2C85BCDC28BBB2E", "action_flag": 3, "change_message": ""}}, {"model": "admin.logentry", "pk": 191, "fields": {"action_time": "2020-12-28T21:00:37.442Z", "user": 1, "content_type": 16, "object_id": "42", "object_repr": "AA0B7571F45641C79C1381D745C131F5", "action_flag": 3, "change_message": ""}}, {"model": "admin.logentry", "pk": 192, "fields": {"action_time": "2020-12-28T21:00:37.446Z", "user": 1, "content_type": 16, "object_id": "41", "object_repr": "8D0E9DAAD1864D718CE8DDC7F4048713", "action_flag": 3, "change_message": ""}}, {"model": "admin.logentry", "pk": 193, "fields": {"action_time": "2020-12-28T21:00:37.449Z", "user": 1, "content_type": 16, "object_id": "40", "object_repr": "67524A3F9D6A4D879B18F3A65DA7EF37", "action_flag": 3, "change_message": ""}}, {"model": "admin.logentry", "pk": 194, "fields": {"action_time": "2020-12-28T21:00:37.453Z", "user": 1, "content_type": 16, "object_id": "39", "object_repr": "256552BBC7EC460C9763961A3C46824B", "action_flag": 3, "change_message": ""}}, {"model": "admin.logentry", "pk": 195, "fields": {"action_time": "2020-12-28T21:00:37.456Z", "user": 1, "content_type": 16, "object_id": "38", "object_repr": "CFF708A6643F4D63A8F6ABF047DA66D3", "action_flag": 3, "change_message": ""}}, {"model": "admin.logentry", "pk": 196, "fields": {"action_time": "2020-12-28T21:00:37.458Z", "user": 1, "content_type": 16, "object_id": "37", "object_repr": "DC8D29FE7DE4435185CF5B46C0C752C2", "action_flag": 3, "change_message": ""}}, {"model": "admin.logentry", "pk": 197, "fields": {"action_time": "2020-12-28T21:00:37.461Z", "user": 1, "content_type": 16, "object_id": "36", "object_repr": "0FF8401A19F841EA9A987402283A82A5", "action_flag": 3, "change_message": ""}}, {"model": "admin.logentry", "pk": 198, "fields": {"action_time": "2020-12-28T21:00:37.464Z", "user": 1, "content_type": 16, "object_id": "35", "object_repr": "2DEC72359198465AAAE015F9BE815ED6", "action_flag": 3, "change_message": ""}}, {"model": "admin.logentry", "pk": 199, "fields": {"action_time": "2020-12-28T21:00:37.466Z", "user": 1, "content_type": 16, "object_id": "34", "object_repr": "6B751EC21DE740168DD60457AFE47C04", "action_flag": 3, "change_message": ""}}, {"model": "admin.logentry", "pk": 200, "fields": {"action_time": "2020-12-28T21:00:37.469Z", "user": 1, "content_type": 16, "object_id": "33", "object_repr": "439E7DE8E1074D40BBBD89036BC46E09", "action_flag": 3, "change_message": ""}}, {"model": "admin.logentry", "pk": 201, "fields": {"action_time": "2020-12-28T21:00:37.471Z", "user": 1, "content_type": 16, "object_id": "32", "object_repr": "6A0D23CAEA2E40D4A04B583B657EBA1B", "action_flag": 3, "change_message": ""}}, {"model": "admin.logentry", "pk": 202, "fields": {"action_time": "2020-12-28T21:00:37.474Z", "user": 1, "content_type": 16, "object_id": "31", "object_repr": "4F1D85E997FC46B7B59AA25C9C7D52C8", "action_flag": 3, "change_message": ""}}, {"model": "admin.logentry", "pk": 203, "fields": {"action_time": "2020-12-28T21:00:37.476Z", "user": 1, "content_type": 16, "object_id": "30", "object_repr": "A520DAC6DDD2436E917B7588A1078A96", "action_flag": 3, "change_message": ""}}, {"model": "admin.logentry", "pk": 204, "fields": {"action_time": "2020-12-28T21:00:37.480Z", "user": 1, "content_type": 16, "object_id": "29", "object_repr": "814A861C408547019FD47480CF5C52C1", "action_flag": 3, "change_message": ""}}, {"model": "admin.logentry", "pk": 205, "fields": {"action_time": "2020-12-28T21:00:37.483Z", "user": 1, "content_type": 16, "object_id": "28", "object_repr": "03C68E455B7344F7AF54EEA087BD25BB", "action_flag": 3, "change_message": ""}}, {"model": "admin.logentry", "pk": 206, "fields": {"action_time": "2020-12-28T21:00:37.485Z", "user": 1, "content_type": 16, "object_id": "27", "object_repr": "B4854AACA52F4DCEBEF711A862AF2DA1", "action_flag": 3, "change_message": ""}}, {"model": "admin.logentry", "pk": 207, "fields": {"action_time": "2020-12-28T21:00:37.488Z", "user": 1, "content_type": 16, "object_id": "26", "object_repr": "E98F4B1219454FB5862880E93ADC8035", "action_flag": 3, "change_message": ""}}, {"model": "admin.logentry", "pk": 208, "fields": {"action_time": "2020-12-28T21:00:37.491Z", "user": 1, "content_type": 16, "object_id": "25", "object_repr": "9850FBBC8A97483088895AA0C3B2FE35", "action_flag": 3, "change_message": ""}}, {"model": "admin.logentry", "pk": 209, "fields": {"action_time": "2020-12-28T21:00:37.494Z", "user": 1, "content_type": 16, "object_id": "24", "object_repr": "69D0ACB408F64D2491C9F08017AD55B4", "action_flag": 3, "change_message": ""}}, {"model": "admin.logentry", "pk": 210, "fields": {"action_time": "2020-12-28T21:00:37.497Z", "user": 1, "content_type": 16, "object_id": "23", "object_repr": "69E611C6573C478391C2E2EB5214F1F2", "action_flag": 3, "change_message": ""}}, {"model": "admin.logentry", "pk": 211, "fields": {"action_time": "2020-12-28T21:00:37.500Z", "user": 1, "content_type": 16, "object_id": "22", "object_repr": "0AB26521FF5545B3B751C3F0A0C74184", "action_flag": 3, "change_message": ""}}, {"model": "admin.logentry", "pk": 212, "fields": {"action_time": "2020-12-28T21:00:37.503Z", "user": 1, "content_type": 16, "object_id": "21", "object_repr": "55117E1E876845C5A10737C90D9A3043", "action_flag": 3, "change_message": ""}}, {"model": "admin.logentry", "pk": 213, "fields": {"action_time": "2020-12-28T21:00:37.506Z", "user": 1, "content_type": 16, "object_id": "20", "object_repr": "A383FA816413487A90955947AC7E4737", "action_flag": 3, "change_message": ""}}, {"model": "admin.logentry", "pk": 214, "fields": {"action_time": "2020-12-28T21:00:37.509Z", "user": 1, "content_type": 16, "object_id": "19", "object_repr": "84F8810DCD9547969A7DEACD3649D12C", "action_flag": 3, "change_message": ""}}, {"model": "admin.logentry", "pk": 215, "fields": {"action_time": "2020-12-28T21:00:37.511Z", "user": 1, "content_type": 16, "object_id": "18", "object_repr": "05895E8078214683A3C6774CCB6131AF", "action_flag": 3, "change_message": ""}}, {"model": "admin.logentry", "pk": 216, "fields": {"action_time": "2020-12-28T21:00:37.515Z", "user": 1, "content_type": 16, "object_id": "17", "object_repr": "A1AC47019FDF45FBB4AD0F931D71C4B5", "action_flag": 3, "change_message": ""}}, {"model": "admin.logentry", "pk": 217, "fields": {"action_time": "2020-12-28T21:01:48.101Z", "user": 1, "content_type": 3, "object_id": "1", "object_repr": "Staffers", "action_flag": 1, "change_message": "[{\"added\": {}}]"}}, {"model": "admin.logentry", "pk": 218, "fields": {"action_time": "2020-12-28T21:02:04.251Z", "user": 1, "content_type": 4, "object_id": "2", "object_repr": "TestyMcTest", "action_flag": 2, "change_message": "[{\"changed\": {\"fields\": [\"Groups\"]}}]"}}, {"model": "auth.group", "pk": 1, "fields": {"name": "Staffers", "permissions": [54, 50, 58]}}, {"model": "auth.user", "pk": 1, "fields": {"password": "pbkdf2_sha256$216000$P0a7XtOmIchy$0mdb9wfMdXJFrjMgGBidImFYpoZ/PDYEecTBlfJBs5g=", "last_login": "2020-12-28T13:42:25.672Z", "is_superuser": true, "username": "RoZZaH", "first_name": "Ross", "last_name": "Geo", "email": "rossgeography@yahoo.com", "is_staff": true, "is_active": true, "date_joined": "2020-12-08T15:33:38Z", "groups": [], "user_permissions": []}}, {"model": "auth.user", "pk": 2, "fields": {"password": "pbkdf2_sha256$216000$srI7iQbAU05N$l+HKzPRsMO89NhwriQnZArqrzzRqsz1HhGccrrWNh5E=", "last_login": "2020-12-24T14:52:46Z", "is_superuser": false, "username": "TestyMcTest", "first_name": "Testy", "last_name": "McTest", "email": "tester@testing.com", "is_staff": false, "is_active": true, "date_joined": "2020-12-22T21:30:05Z", "groups": [1], "user_permissions": []}}, {"model": "sessions.session", "pk": "0yosd98l4o5ppodet4h1v267aprnl08g", "fields": {"session_data": ".eJxVjsEOgjAMht9lZ7N0CGxw9O4zLB1r3dRshEGiMb67YDjo4U-a__va9CUsLnOwS6HJRi96ocTht3M43ChtwF8xXbIccpqn6OSmyJ0Wec6e7qfd_TsQsIR1m2syDSjPxKajDg0gsO6gZY1GV2vWCZraadgwsvPHCgbXeqgY1PerQqXEnCw9xjg9RQ_vD5tYP0g:1ks8r7:YWn68aTJcnUUwbQZP8HnPVPLVH3XaHUAy22MiSDvs7Q", "expire_date": "2021-01-06T18:27:25.919Z"}}, {"model": "sessions.session", "pk": "9evs57xd4oe7ji6qm0bx3xjnm9zpa5z2", "fields": {"session_data": ".eJxVjsEOgjAQRP9lz0LaQkvh6N1vIMt2KyihpotGY_x3JfGglznMvJnME3q8rmN_Fc79FKADA7tfb0A687IF4YTLMZWUljVPQ7kh5TeV8pACz_sv-zcwooyfto2-io2vXK0okPdWGe2sZm5aVzdIrrVkFcU6oq6xMoNurWHjbDS6MqHZRoVFprT0fL9M-QGd2sGAcuYVuicQysrznIrPkRkLwU2J8w3zj4eFUdpDp1-vN2jfUsg:1ks8mu:oT9CKwTgZtLAmbRcwAdsefLwi8Kxdz3y2aulOLxKq4A", "expire_date": "2021-01-06T18:23:04.191Z"}}, {"model": "sessions.session", "pk": "it5595ijvge2id5c5mtwaikpp778hjce", "fields": {"session_data": ".eJxljMEOgjAQBf-lZ0JooS1w9O43NMt2K9XaGgpGY_x3xRAT43Vm3nswQExLnM2VJu88WUNn8IH1cQmh-Nol08R6JljBDCzz-AHG2382AJ4orsIeIR5SiSnOkx_KNSk3m8t9shR2W_tzMEIe32vp2trptlZNhRbbVlaCK8mJdKcaDag6ibJC1zjgDdRi4J0UJJR0gtfC6vU0U84-RUO3i5_urK-eL0rrT7o:1krpFd:jaUPksDg2oFq-7Doyr-Xxqg2rhmsmJRDQ9dxmg5P8nY", "expire_date": "2021-01-05T21:31:25.394Z"}}, {"model": "sessions.session", "pk": "mgmmrf22nb76hnouduos1r8lxhfcb11z", "fields": {"session_data": "e30:1krp52:GmxlfHr3IfbDd8rtvK1V4UyNF1CYvAR8h_iY68rLsFc", "expire_date": "2021-01-05T21:20:28.491Z"}}, {"model": "sessions.session", "pk": "obzkmzvzuqpfweo97yi1kj54vezmer2t", "fields": {"session_data": ".eJxVjU0OgyAQhe_CujEMOFHctRchAw6R1GAjmNg0vXuxcdEu39_3XsLSVia7ZV5tHMUgQFx-PUf-zukIaJ4PuyHvly2V5ts549xcq-JUoqcSl3Q7V3-oifJUOWY0Dlug0LcIQakwaomKWtKE0AVQ6EzXGdlrlKA9oTKh1tgYdAiMBzRzzvXG8v6I61MM8v0BinhClA:1kmfqp:xXbgt5Y_qsvrISqXJweMuyaLO-lNa99YLhEgytZw6Q0", "expire_date": "2020-12-22T16:28:31.928Z"}}, {"model": "sessions.session", "pk": "tiq0b5nekpjvar06qz4biw09wm1ob3po", "fields": {"session_data": ".eJxVjMEOwiAQRP-FsyELtgU8evcbyMKyUjU0Ke3J-O9C0oMeJpnMm5m38Lhv2e81rX4mcRFKnH6zgPGZSgf0wHJfZFzKts5B9oo8aJW3hdLrenT_DjLW3NY8JDuCIk5sXXJoAYGNg4kNWqObmoNxCAY6Rg501hDDRKAZlBKfL_AmOAs:1ktsn3:CuoIC86WYJjraqUrAyZveINWL2bx9kLxIWJnqWnB7_w", "expire_date": "2021-01-11T13:42:25.686Z"}}, {"model": "sessions.session", "pk": "zbjd4gd0hyijbjxtf67malc05hrdqbhx", "fields": {"session_data": ".eJxVjsEOgjAMht9lZ7N0CGxw9O4zLB1r3dRshEGiMb67YDjo4U-a__va9CUsLnOwS6HJRi96ocTht3M43ChtwF8xXbIccpqn6OSmyJ0Wec6e7qfd_TsQsIR1m2syDSjPxKajDg0gsO6gZY1GV2vWCZraadgwsvPHCgbXeqgY1PerQqXEnCw9xjg9RQ_vD5tYP0g:1ksS1w:z47JtrQsNMnEqFORLcjocJGRxdE__zHK7yRVBNGMDZU", "expire_date": "2021-01-07T14:55:52.377Z"}}, {"model": "sites.site", "pk": 1, "fields": {"domain": "worldofwine.example.com", "name": "World Of Wine"}}, {"model": "account.emailaddress", "pk": 1, "fields": {"user": 1, "email": "rossgeography@yahoo.com", "verified": true, "primary": true}}, {"model": "account.emailaddress", "pk": 2, "fields": {"user": 2, "email": "tester@testing.com", "verified": true, "primary": true}}, {"model": "wines.winery", "pk": 1, "fields": {"created": "2020-12-15T15:44:39.550Z", "modified": "2020-12-15T15:44:39.550Z", "brand": "", "name": "Penfolds", "description": ""}}, {"model": "wines.winery", "pk": 2, "fields": {"created": "2020-12-15T15:44:39.557Z", "modified": "2020-12-15T15:44:39.550Z", "brand": "", "name": "Domaine de la Romanee-Conti", "description": ""}}, {"model": "wines.winery", "pk": 3, "fields": {"created": "2020-12-15T15:44:39.558Z", "modified": "2020-12-15T15:44:39.550Z", "brand": "", "name": "Cardinale Estate", "description": ""}}, {"model": "wines.winery", "pk": 4, "fields": {"created": "2020-12-15T15:44:39.559Z", "modified": "2020-12-15T15:44:39.550Z", "brand": "", "name": "Marchesi de' Frescobaldi", "description": ""}}, {"model": "wines.winery", "pk": 5, "fields": {"created": "2020-12-15T15:44:39.560Z", "modified": "2020-12-15T15:44:39.550Z", "brand": "", "name": "Verite", "description": ""}}, {"model": "wines.winery", "pk": 6, "fields": {"created": "2020-12-15T15:44:39.561Z", "modified": "2020-12-15T15:44:39.550Z", "brand": "", "name": "Kongsgaard", "description": ""}}, {"model": "wines.winery", "pk": 7, "fields": {"created": "2020-12-15T15:44:39.562Z", "modified": "2020-12-15T15:44:39.550Z", "brand": "", "name": "Daou", "description": ""}}, {"model": "wines.winery", "pk": 8, "fields": {"created": "2020-12-15T15:44:39.563Z", "modified": "2020-12-15T15:44:39.550Z", "brand": "", "name": "Beaulieu Vineyard", "description": ""}}, {"model": "wines.winery", "pk": 9, "fields": {"created": "2020-12-15T15:44:39.564Z", "modified": "2020-12-15T15:44:39.550Z", "brand": "", "name": "Secret Door", "description": ""}}, {"model": "wines.winery", "pk": 10, "fields": {"created": "2020-12-15T15:44:39.565Z", "modified": "2020-12-15T15:44:39.550Z", "brand": "", "name": "Mod Selection Champagne", "description": ""}}, {"model": "wines.winery", "pk": 11, "fields": {"created": "2020-12-15T15:44:39.566Z", "modified": "2020-12-15T15:44:39.550Z", "brand": "", "name": "Bollinger", "description": ""}}, {"model": "wines.winery", "pk": 12, "fields": {"created": "2020-12-15T15:44:39.566Z", "modified": "2020-12-15T15:44:39.550Z", "brand": "", "name": "Palmaz Vineyard", "description": ""}}, {"model": "wines.winery", "pk": 13, "fields": {"created": "2020-12-15T15:44:39.567Z", "modified": "2020-12-15T15:44:39.550Z", "brand": "", "name": "Royal Tokaji", "description": ""}}, {"model": "wines.winery", "pk": 14, "fields": {"created": "2020-12-15T15:44:39.568Z", "modified": "2020-12-15T15:44:39.550Z", "brand": "", "name": "Marciano Estate", "description": ""}}, {"model": "wines.winery", "pk": 15, "fields": {"created": "2020-12-15T15:44:39.569Z", "modified": "2020-12-15T15:44:39.550Z", "brand": "", "name": "Domaine Bonneau du Martray", "description": ""}}, {"model": "wines.winery", "pk": 16, "fields": {"created": "2020-12-15T15:44:39.570Z", "modified": "2020-12-15T15:44:39.550Z", "brand": "", "name": "Castello della Salla", "description": ""}}, {"model": "wines.winery", "pk": 17, "fields": {"created": "2020-12-15T15:44:39.571Z", "modified": "2020-12-15T15:44:39.550Z", "brand": "", "name": "Dom Perignon", "description": ""}}, {"model": "wines.winery", "pk": 18, "fields": {"created": "2020-12-15T15:44:39.572Z", "modified": "2020-12-15T15:44:39.550Z", "brand": "", "name": "Vasse Felix", "description": ""}}, {"model": "wines.winery", "pk": 19, "fields": {"created": "2020-12-15T15:44:39.573Z", "modified": "2020-12-15T15:44:39.550Z", "brand": "", "name": "Biondi-Santi", "description": ""}}, {"model": "wines.winery", "pk": 20, "fields": {"created": "2020-12-15T15:44:39.573Z", "modified": "2020-12-15T15:44:39.550Z", "brand": "", "name": "E. Guigal", "description": ""}}, {"model": "wines.winery", "pk": 21, "fields": {"created": "2020-12-15T15:44:39.574Z", "modified": "2020-12-15T15:44:39.550Z", "brand": "", "name": "Pol Roger", "description": ""}}, {"model": "wines.winery", "pk": 22, "fields": {"created": "2020-12-15T15:44:39.575Z", "modified": "2020-12-15T15:44:39.550Z", "brand": "", "name": "Tillingham Wines", "description": ""}}, {"model": "wines.winery", "pk": 23, "fields": {"created": "2020-12-15T15:44:39.576Z", "modified": "2020-12-15T15:44:39.550Z", "brand": "", "name": "Pol Opuesto", "description": ""}}, {"model": "wines.winery", "pk": 24, "fields": {"created": "2020-12-15T15:44:39.577Z", "modified": "2020-12-15T15:44:39.550Z", "brand": "", "name": "Valentina Passalacqua", "description": ""}}, {"model": "wines.winery", "pk": 25, "fields": {"created": "2020-12-15T15:44:39.578Z", "modified": "2020-12-15T15:44:39.550Z", "brand": "", "name": "Maurer", "description": ""}}, {"model": "wines.winery", "pk": 26, "fields": {"created": "2020-12-15T15:44:39.579Z", "modified": "2020-12-15T15:44:39.550Z", "brand": "", "name": "Mother Rock", "description": ""}}, {"model": "wines.winery", "pk": 27, "fields": {"created": "2020-12-15T15:44:39.580Z", "modified": "2020-12-15T15:44:39.550Z", "brand": "", "name": "Vino Budimir", "description": ""}}, {"model": "wines.winery", "pk": 28, "fields": {"created": "2020-12-15T15:44:39.580Z", "modified": "2020-12-15T15:44:39.550Z", "brand": "", "name": "Catena Alta", "description": ""}}, {"model": "wines.winery", "pk": 29, "fields": {"created": "2020-12-15T15:44:39.582Z", "modified": "2020-12-15T15:44:39.550Z", "brand": "", "name": "Bodega Salentein", "description": ""}}, {"model": "wines.winery", "pk": 30, "fields": {"created": "2020-12-15T15:44:39.583Z", "modified": "2020-12-15T15:44:39.550Z", "brand": "", "name": "Kaiken", "description": ""}}, {"model": "wines.winery", "pk": 31, "fields": {"created": "2020-12-15T15:44:39.583Z", "modified": "2020-12-15T15:44:39.550Z", "brand": "", "name": "Wlffer Estate", "description": ""}}, {"model": "wines.winery", "pk": 32, "fields": {"created": "2020-12-15T15:44:39.585Z", "modified": "2020-12-15T15:44:39.550Z", "brand": "", "name": "Bodega Colom", "description": ""}}, {"model": "wines.winery", "pk": 33, "fields": {"created": "2020-12-15T15:44:39.586Z", "modified": "2020-12-15T15:44:39.550Z", "brand": "", "name": "Delaire Graff", "description": ""}}, {"model": "wines.winery", "pk": 34, "fields": {"created": "2020-12-15T15:44:39.587Z", "modified": "2020-12-15T15:44:39.550Z", "brand": "", "name": "Graham Beck", "description": ""}}, {"model": "wines.winery", "pk": 35, "fields": {"created": "2020-12-15T15:44:39.588Z", "modified": "2020-12-15T15:44:39.550Z", "brand": "", "name": "Beyerskloof", "description": ""}}, {"model": "wines.winery", "pk": 36, "fields": {"created": "2020-12-15T15:44:39.589Z", "modified": "2020-12-15T15:44:39.550Z", "brand": "", "name": "Stopham Estate", "description": ""}}, {"model": "wines.winery", "pk": 37, "fields": {"created": "2020-12-15T15:44:39.590Z", "modified": "2020-12-15T15:44:39.550Z", "brand": "", "name": "Bolney Wine Estate", "description": ""}}, {"model": "wines.winery", "pk": 38, "fields": {"created": "2020-12-15T15:44:39.591Z", "modified": "2020-12-15T15:44:39.550Z", "brand": "", "name": "Rathfinny", "description": ""}}, {"model": "wines.winery", "pk": 39, "fields": {"created": "2020-12-15T15:44:39.592Z", "modified": "2020-12-15T15:44:39.550Z", "brand": "", "name": "Recanti", "description": ""}}, {"model": "wines.winery", "pk": 40, "fields": {"created": "2020-12-15T15:44:39.593Z", "modified": "2020-12-15T15:44:39.550Z", "brand": "", "name": "Domaine du Castel", "description": ""}}, {"model": "wines.winery", "pk": 41, "fields": {"created": "2020-12-15T15:44:39.594Z", "modified": "2020-12-15T15:44:39.550Z", "brand": "", "name": "Flam Winery", "description": ""}}, {"model": "wines.winery", "pk": 42, "fields": {"created": "2020-12-15T15:44:39.595Z", "modified": "2020-12-15T15:44:39.550Z", "brand": "", "name": "Potro de Piedra", "description": ""}}, {"model": "wines.winery", "pk": 43, "fields": {"created": "2020-12-15T15:44:39.596Z", "modified": "2020-12-15T15:44:39.550Z", "brand": "", "name": "Toro de Piedra", "description": ""}}, {"model": "wines.winery", "pk": 44, "fields": {"created": "2020-12-15T15:44:39.596Z", "modified": "2020-12-15T15:44:39.550Z", "brand": "", "name": "Puerto Viejo", "description": ""}}, {"model": "wines.winery", "pk": 45, "fields": {"created": "2020-12-15T15:44:39.597Z", "modified": "2020-12-15T15:57:20.309Z", "brand": "ARTE NOBLE", "name": "Arte Noble", "description": ""}}, {"model": "wines.winery", "pk": 46, "fields": {"created": "2020-12-15T15:44:39.598Z", "modified": "2020-12-15T15:44:39.550Z", "brand": "", "name": "Von Siebenthal", "description": ""}}, {"model": "wines.winery", "pk": 47, "fields": {"created": "2020-12-15T15:44:39.599Z", "modified": "2020-12-15T15:44:39.550Z", "brand": "", "name": "Clos de Luz", "description": ""}}, {"model": "wines.winery", "pk": 48, "fields": {"created": "2020-12-15T15:44:39.600Z", "modified": "2020-12-15T15:44:39.550Z", "brand": "", "name": "Errazuriz", "description": ""}}, {"model": "wines.region", "pk": 2, "fields": {"name": "South Australia", "country": "AU", "locales": "[]"}}, {"model": "wines.region", "pk": 3, "fields": {"name": "Western Australia", "country": "AU", "locales": "[\"Margaret River\"]"}}, {"model": "wines.region", "pk": 4, "fields": {"name": "Burgundy", "country": "FR", "locales": "[\"Cote de Beaune\", \"Cote de Nuits\"]"}}, {"model": "wines.region", "pk": 5, "fields": {"name": "Champagne", "country": "FR", "locales": "[\"Epernay\"]"}}, {"model": "wines.region", "pk": 6, "fields": {"name": "Rhone", "country": "FR", "locales": "[\"C\\u00f4te-R\\u00f4tie\"]"}}, {"model": "wines.region", "pk": 7, "fields": {"name": "California", "country": "US", "locales": "[\"Napa Valley\", \"Paso Robles\", \"Sonoma County\"]"}}, {"model": "wines.region", "pk": 8, "fields": {"name": "Tuscany", "country": "IT", "locales": "[\"Brunello di Montalcino\"]"}}, {"model": "wines.region", "pk": 9, "fields": {"name": "Umbria", "country": "IT", "locales": "[]"}}, {"model": "wines.region", "pk": 10, "fields": {"name": "Puglia", "country": "IT", "locales": "[\"Calcarius\"]"}}, {"model": "wines.region", "pk": 11, "fields": {"name": "Tokaji", "country": "HU", "locales": "[]"}}, {"model": "wines.region", "pk": 12, "fields": {"name": "Sussex", "country": "GB", "locales": "[\"{'Tillingham'}\"]"}}, {"model": "wines.region", "pk": 13, "fields": {"name": "Mendoza", "country": "AR", "locales": "[]"}}, {"model": "wines.region", "pk": 14, "fields": {"name": "Tunuyn", "country": "AR", "locales": "[]"}}, {"model": "wines.region", "pk": 15, "fields": {"name": "Calchaqui Valley", "country": "AR", "locales": "[]"}}, {"model": "wines.region", "pk": 16, "fields": {"name": "Subotica-Horgos", "country": "RS", "locales": "[]"}}, {"model": "wines.region", "pk": 17, "fields": {"name": "Aleksandrovac", "country": "RS", "locales": "[]"}}, {"model": "wines.region", "pk": 18, "fields": {"name": "Swartland", "country": "ZA", "locales": "[\"set()\"]"}}, {"model": "wines.region", "pk": 19, "fields": {"name": "Robertson", "country": "ZA", "locales": "[\"set()\"]"}}, {"model": "wines.region", "pk": 20, "fields": {"name": "Stellenbosch", "country": "ZA", "locales": "[\"set()\"]"}}, {"model": "wines.region", "pk": 21, "fields": {"name": "Galilee", "country": "IL", "locales": "[]"}}, {"model": "wines.region", "pk": 22, "fields": {"name": "Jerusalem", "country": "IL", "locales": "[]"}}, {"model": "wines.region", "pk": 23, "fields": {"name": "Judaen Hills", "country": "IL", "locales": "[]"}}, {"model": "wines.region", "pk": 24, "fields": {"name": "Curico Valley", "country": "CL", "locales": "[]"}}, {"model": "wines.region", "pk": 25, "fields": {"name": "Maule Valley", "country": "CL", "locales": "[]"}}, {"model": "wines.region", "pk": 26, "fields": {"name": "Aconcagua Valley", "country": "CL", "locales": "[]"}}, {"model": "wines.region", "pk": 27, "fields": {"name": "Almahue Valley", "country": "CL", "locales": "[]"}}, {"model": "wines.region", "pk": 28, "fields": {"name": "Casablanca Valley", "country": "CL", "locales": "[]"}}, {"model": "wines.wine", "pk": 2, "fields": {"created": "2020-12-15T17:40:34.949Z", "modified": "2020-12-15T18:15:56.957Z", "winery": 1, "name": "Grange", "vintage": 2015, "grape_blend": "Shiraz", "one_liner": "A small amount of Cabernet Sauvignon is generally included in the blend. Old vintages may be labeled as different Bin numbers.", "description": "Australia had a hard year in 2020 battling persistent and traumatic wildfires, so its particularly gratifying to celebrate one of its natural, national treasures. With a taste of the Shiraz at Penfolds recorking clinic in Los Angeles last fall, it was love at first sip. Actually, at first scent. Heady with aromas of forest floor, coffee, black licorice and an unusual explosion of violets, the wine was transfixing. And it tastes even better than it smells. The vibrant dark-berry and subtle spice notes seduce, penetrating through layers of minerals and acid, and theres impressive balance between the fruit and integrated, supple tannins. While Shiraz grapes are the star (at 98 percent), winemaker Peter Gago adds a splash of Cabernet Sauvignon from one of Penfolds most precious plots, Block 42 of the Kalimna Vineyard, which nurtures what are thought to be the oldest continuously producing Cabernet vines in the world, planted in the 1880s. The 2015 harvest was warm and fast, resulting in beautiful fruit. Gago aged the wine for 20 months in new American oak hogshead barrels before bottling it for the cellars. The 2015 is delicious nowAt once lively and expressive, yet still not revealing all, says Gagobut will be even more impressive in 10 years. Its a shining example of Grange.", "slug": "penfolds-grange-2015", "image_url": "https://images.vivino.com/thumbs/hRl7EuOORIuIM6JxYyxgBA_pb_x600.png", "image": "hRl7EuOORIuIM6JxYyxgBA_pb_x600.png", "wtype": "red", "style": "rich and intense", "region": 2, "list_price": "999.99", "discounted_price": null, "parker_points": 96, "star_rating": "4.5", "alcohol_content": "14.5"}}, {"model": "wines.wine", "pk": 3, "fields": {"created": "2020-12-15T17:40:34.961Z", "modified": "2020-12-28T15:31:51.996Z", "winery": 2, "name": "Romanee-Saint-Vivant Grand Cru", "vintage": 2017, "grape_blend": "Pinot Noir", "one_liner": "This wine was formerly produced by 'Domaine Marey-Monge'. DRC have managed the site from 1966 on behalf of the Marey-Monge family and as owners from 1988.", "description": "Burgundy, as both appellation and wine, has long enjoyed household-name status. Within the region lie the vineyards of the esteemed Domaine de la Romaneee-Conti, affectionately abbreviated as the DRC. Its older vintages set records at auction; its newest ones sell out. Its eight Grand Crus are planted to Pinot Noir and Chardonnay, making what some consider the highest expression of both varietals. Among them, the Romaneee-Conti and La Tache parcels usually emerge as the crown princes. But in this years tasting, Romaneee-St-Vivant stood out as the most balanced, layered and complex of the 2017 vintage. The years harvest was an abundant one, successfully fending off the frosts of 2016, and the Burgundian vignerons were especially pleased with the high quality of the berries. The wines from this vintage are still young compared to their potential maturity, but already the Romaneee-St-Vivant stands out as evocative. Perfume blooms from the glass. Its elegant, graceful yet powerful, its fruit underlined with a lush earthiness and crushed-rock minerality that lead to a long, strong finish. Winemaker Aubert de Villaine calls it right, saying, Romaneee-St-Vivant is flirtatious. One cannot help loving it.", "slug": "domaine-de-la-romanee-conti-romanee-saint-vivant-grand-cru-2017", "image_url": "https://images.vivino.com/thumbs/qbolgWCtRq-z3tt-HeXRrA_pb_x600.png", "image": "qbolgWCtRq-z3tt-HeXRrA_pb_x600.png", "wtype": "red", "style": "savory and classic", "region": 4, "list_price": "54.99", "discounted_price": null, "parker_points": 93, "star_rating": "4.7", "alcohol_content": "13.5"}}, {"model": "wines.wine", "pk": 4, "fields": {"created": "2020-12-15T17:40:34.962Z", "modified": "2020-12-15T18:02:31.842Z", "winery": 3, "name": "Cardinale Estate Red", "vintage": 2016, "grape_blend": "Cabernet-Sauvignon", "one_liner": "Indicative blend: Predominantly Cabernet Sauvignon with Merlot. Ownership: Kendall-Jackson Estates. Formerly known as Cardinale Cabernet Sauvignon.", "description": "Winemaker Chris Carpenters self-described approach to Cardinale each year is to blend across great sites in Napa Valley with the goal of maximizing the strengths of the vintage rather than that of one individual vineyard. His 2016 Cardinale Cabernet captures the ultimate potential offered by that remarkable year: a hedonistic wine of the moment with great aging possibility at the same time. Dark and concentrated, it unfolds with spicy anise, briary blackberry and fresh herbs over a crushed- rock character. Its satisfyingly juicy, with loads of dark cherry, plum and cassis spiked with delicious mocha. But delicious as it is right now, Carpenter says, it will be one of those vintages that continues to develop in positive ways for years to come. Like Michael Jordan when he played at North Carolinaback then you could just tell there was so much more to come. I feel that way looking at these early-release years of the 2016 Cardinale and where this wine will be 10 to 20 years from now.", "slug": "cardinale-estate-cardinale-estate-red-2016", "image_url": "https://images.vivino.com/thumbs/9SaRGimhQ_iu03_Qijjw4Q_pb_x600.png", "image": "9SaRGimhQ_iu03_Qijjw4Q_pb_x600.png", "wtype": "red", "style": "bold and structured", "region": 7, "list_price": "59.99", "discounted_price": "48.75", "parker_points": 93, "star_rating": "4.6", "alcohol_content": "14.0"}}, {"model": "wines.wine", "pk": 5, "fields": {"created": "2020-12-15T17:40:34.964Z", "modified": "2020-12-28T16:09:16.879Z", "winery": 4, "name": "Masseto", "vintage": 2015, "grape_blend": "Merlot", "one_liner": "Established by Marchese Lodovico Antinori. The Estate is now owned by Marchesi de' Frescobaldi.", "description": "With arguably the most famous terroir in the worlda single hill covered in blue clay, which winemaker Andre Tchelistcheff spotted as the perfect medium for MerlotMasseto has realized the incredible potential of Merlot grown in the right soil and climate. And the 2015 growing season there was especially remarkable. One of the noblest vintages, estate director Axel Heinz says simply. The wine opens with aromas of damp loam, spice and perfumed berries followed by flavors of dark cassis on a palate of unmatched depth and length. Massetosister flagship brand to the Frescobaldis Ornellaiaalso opened a stunning new subterranean winery, excavated from underneath the same vineyard that produces the wine. Every great institution has a house, says group president Lamberto Frescobaldi. The White House, St. Peters. . . . Masseto needed its own physical house. In this case, the underground cathedral includes production spaces stepping deep into the hill, from tank room, where custom concrete vessels double as art, to pool-studded barrel room. It was an exceptional year for both wine and winery.", "slug": "marchesi-de-frescobaldi-masseto-2015", "image_url": "https://images.vivino.com/thumbs/GPvEr_IUSKS1CDhhsY1ySg_pb_x600.png", "image": "GPvEr_IUSKS1CDhhsY1ySg_pb_x600.png", "wtype": "red", "style": "bold and structured", "region": 8, "list_price": "49.99", "discounted_price": "45.99", "parker_points": 95, "star_rating": "4.7", "alcohol_content": "12.5"}}, {"model": "wines.wine", "pk": 6, "fields": {"created": "2020-12-15T17:40:34.965Z", "modified": "2020-12-23T22:08:04.867Z", "winery": 5, "name": "Le Desir", "vintage": 2016, "grape_blend": "Cabernet-Franc", "one_liner": "Indicative blend: Cabernet Franc, Merlot, Cabernet Sauvignon, Malbec", "description": "Usually just a small percentage of a Bordeaux blend, Cabernet Franc isnt a varietal often seen dominating a wine. Vigneron Pierre Seillan has long worked with it at Chateau Lassegue, on Bordeauxs Right Bank, as well as in Sonoma, with daughter Helene. Their 2016 Cab Franc-based Le Desir might be the most perfectly balanced of all their vintages, offering gorgeous aromatics: rose petals over blackberry liqueur and fresh mint. Dark-berry and plum flavors are laced with baking spices (anise and clove), and its fine tannins are delivered with an ideal tension of acidity and freshness. After more than 20 years tending vines in Sonoma, the duo has many of what they call micro-crus from which to handpick for their blend. In 2016, they were so pleased with the Cab Franc that they increased the amount in the blend to 82 percent (with the remainder being Merlot and Malbec), which allowed them, in their words, to lift the gravity center of the wine. The result is a heady, magical wine you want to smell as much as sip.", "slug": "verite-le-desir-2016", "image_url": "https://images.vivino.com/thumbs/M2U3UMnQQ2CBeDlvkPuK9Q_pb_x600.png", "image": "M2U3UMnQQ2CBeDlvkPuK9Q_pb_x600.png", "wtype": "red", "style": "bold and structured", "region": 7, "list_price": "49.99", "discounted_price": "44.99", "parker_points": 95, "star_rating": "4.5", "alcohol_content": "14.4"}}, {"model": "wines.wine", "pk": 7, "fields": {"created": "2020-12-15T17:40:34.967Z", "modified": "2020-12-28T20:59:43.220Z", "winery": 6, "name": "Syrah", "vintage": 2017, "grape_blend": "Shiraz/Syrah", "one_liner": "Kongsgaard is a cult California wine producer widely renowned for making richly textured yet elegant Chardonnays, this excellent Syrah elevates their reputation further", "description": "Since his first vintage in 1996, John Kongsgaard (now with his son, Alex) has made a tiny bit of Syrah from the two-acre Q block of vines on Lee and Cristina Hudsons sprawling Hudson Ranch in southern Napas Carneros region. The block, in fact, was planted with Kongsgaard in mind, he and Hudson having been classmates back in their UC Davis days, and friends and colleagues ever since. Its bay proximity ensures that the property is swept by ocean breezes, adding cool-weather balance to its wines. John declines to interfere much during the winemaking, even going low on new wood (only about 40 percent). The combination of site and minimal winemaking in this stunning 2017 Syrah gives it expansive aromatics, including the savory, gamy elements Kongsgaard embraces: wild blueberry, smoked meat, florals and black pepper. The palate unfolds in complex layers and depth, with more blackberry and blueberry fruit, tobacco leaf and a kick of citrus, with fruit, acidity and structure in flawless balance.", "slug": "kongsgaard-syrah-2017", "image_url": "https://images.vivino.com/thumbs/NlQZ_k0PRPmwcuOGeskEVQ_pb_x600.png", "image": "NlQZ_k0PRPmwcuOGeskEVQ_pb_x600.png", "wtype": "red", "style": "rich and intense", "region": 7, "list_price": "69.99", "discounted_price": "65.00", "parker_points": 92, "star_rating": "4.4", "alcohol_content": "14.1"}}, {"model": "wines.wine", "pk": 8, "fields": {"created": "2020-12-15T17:40:34.970Z", "modified": "2020-12-15T18:06:22.418Z", "winery": 7, "name": "Soul of a Lion", "vintage": 2017, "grape_blend": "Cabernet-Sauvignon", "one_liner": "Indicative blend: Cabernet Sauvignon with Cabernet Franc, Merlot and Petit Verdot", "description": "Thats rightthis wine is just three years old. In Europe, it might still linger in a giant vat of oak, slowly aging. But here, perhaps under market pressure to release, vintners birth younger wines across appellations. You might expect harsh tannins, but instead, in the glass its all silk and velvet with a spine of mouthwatering acidity. Theres big fruit, cassis and black cherry, along with a complex earthy, savory quality that sets this wine, and the 2017 vintage, apart. The elegant Bordeaux blend hails from Californias Paso Robles region, north of Santa Barbara, where brothers Daniel and Georges Daou have been pioneering great wine for 16 years now. The Soul of a Lion is much more beguiling than any 14.7 percent alcohol beverage has a right to be.", "slug": "daou-soul-of-a-lion-2017", "image_url": "https://images.vivino.com/thumbs/XIA1QDE9TkCvZogLBksWDw_pb_x600.png", "image": "XIA1QDE9TkCvZogLBksWDw_pb_x600.png", "wtype": "red", "style": "bold and structured", "region": 7, "list_price": "49.99", "discounted_price": "44.00", "parker_points": 93, "star_rating": "4.5", "alcohol_content": "14.5"}}, {"model": "wines.wine", "pk": 9, "fields": {"created": "2020-12-15T17:40:34.971Z", "modified": "2020-12-28T20:59:16.254Z", "winery": 8, "name": "BV Georges de Latour", "vintage": 2016, "grape_blend": "Cabernet-Sauvignon", "one_liner": "Beaulieu Vineyard is a historically significant winery in California", "description": "Winemaking royalty Andre Tchelistcheff might be best known for creating BVs Georges de Latour Private Reserve, now in its 80th vintage, but he also introduced American oak into the aging of Napas wines. One of the few changes to the making of this wine across the decades was a switch from American to French oak. Tchelistcheffs successor Joel Aiken resisted the trending style of the 1990s (and beyond) of hedonistically plush fruit and high alcohol levels that wiped out the unique signature of a particular site. A recent, outstanding vertical tasting of the Private Reserve, going back to the 1960s, offered convincing evidence of the wines bright balance through the decades. It was always built on a foundation of ageability, according to current winemaker Trevor Durling, who now works in the vineyard, to take off some edges, for earlier approachability.", "slug": "beaulieu-vineyard-bv-georges-de-latour-2016", "image_url": "https://images.vivino.com/thumbs/tkJoT7AZQSu9yVA9cahzow_pb_x600.png", "image": "tkJoT7AZQSu9yVA9cahzow_pb_x600.png", "wtype": "red", "style": "bold and structured", "region": 7, "list_price": "59.99", "discounted_price": "52.50", "parker_points": 93, "star_rating": "4.4", "alcohol_content": "14.9"}}, {"model": "wines.wine", "pk": 10, "fields": {"created": "2020-12-15T17:40:34.973Z", "modified": "2020-12-15T18:07:55.276Z", "winery": 9, "name": "1X Cabernet Sauvignon", "vintage": 2017, "grape_blend": "Cabernet-Sauvignon", "one_liner": "A young cabernet with verve, balance and plenty of currant and blackberry character. Juicy and polished. A beautiful, composed wine. Drink now or hold.", "description": "Winemaker Donald Patz left his Patz & Hall partnership several years ago and launched Secret Door, his new passion project. But this year he unveils his first grape-to-glass vintage, a pair of 2017s. This shows his real intention with the project: two single-vineyard designates highlighting the particularly rich and distinct terroir of two parcels, Hirondelle in the Stags Leap District and Sage Ridge. The 2017 harvest was the year of Napas recent devastating fire, and many collectors have worried about taint, but this wine assuages any fears. We picked, fermented, pressed and put into barrel prior to October 8, the night the fires began, Patz says, and theres no trace of smoke taint. Of the two wines, the Sage Ridge wine spoke loudest (in the best way possible) to us, with a wintery herbaceousness. Forest aromas of cedar and pine resin come through with mouthwatering nutmeg notes beneath the dark fruit and a hint of black pepper for balance. Its tannins are utterly silky. This wine is a welcome return from a revered winemaker and wont be secret for long.", "slug": "secret-door-1x-cabernet-sauvignon-2017", "image_url": "https://i1.wp.com/murphyswinestore.com/wp-content/uploads/2020/02/secret-door-scaled.jpg?fit=675%2C900&ssl=1", "image": "secret-door-scaled.jpg", "wtype": "red", "style": "bold and structured", "region": 7, "list_price": "67.50", "discounted_price": "62.45", "parker_points": 92, "star_rating": "4.3", "alcohol_content": "14.0"}}, {"model": "wines.wine", "pk": 11, "fields": {"created": "2020-12-15T17:40:34.974Z", "modified": "2020-12-15T18:09:06.727Z", "winery": 10, "name": "Brut Ros", "vintage": 2008, "grape_blend": "Champagne Blend", "one_liner": "This is among the highest-priced Champagne wine.", "description": "This beautiful Champagne made the most of that 2008 harvests exceptional fruit, via the saignee method, which is frowned upon when making a still rose but revered and used by the serious maisons when producing a sparkler. Many rose Champagne vignerons employ the assemblage method, blending white wine with a bit of Pinot Noir or Meunier, because its easier and allows for a consistent color year over year. In contrast, Mod Selection uses the direct maceration of Pinot Noir grapes. Founder Brent Hocking says, This creates substantially more aromatic components, which I love. This method of vinification is more demanding and requires perfectly ripe grapes and exacting timing. This is the true rose. And the proof is in the glass. For a wine that was 12 years old upon release, this deep-salmon-hued fizz is surprisingly vibrant and fresh, but also refined. Its made of 50 percent Pinot Meunier, 40 percent Chardonnay and just 10 percent Pinot Noir. Bright raspberry and cherry come to the fore, with ginger and spice notes following on the palate. Blood-orange zests up the lingering finish.", "slug": "mod-selection-champagne-brut-rose-2008", "image_url": "https://images.vivino.com/thumbs/-sY1tkgCTcCKMzPKyvT_Ag_pb_x600.png", "image": "-sY1tkgCTcCKMzPKyvT_Ag_pb_x600.png", "wtype": "sparkling rose", "style": "complex and traditional", "region": 5, "list_price": "99.99", "discounted_price": "75.00", "parker_points": 89, "star_rating": "4.2", "alcohol_content": "12.0"}}, {"model": "wines.wine", "pk": 12, "fields": {"created": "2020-12-15T17:40:34.976Z", "modified": "2020-12-15T18:09:59.136Z", "winery": 11, "name": "La Grande Anne Brut Champagne", "vintage": 2008, "grape_blend": "Champagne", "one_liner": "La Grande Annee' was previously known as 'Bollinger Vintage'", "description": "In Champagne, 2008 produced a bumper crop of some of the loveliest vintage bottles of the century so far, balanced between ripeness and vitality and altogether distinctive. Among them, Pinot Noirbased Champagne Bollinger 2008 La Grande Annee stands out for its power, tamed by practices unique to its barrel rooms and kilometers of underground cellars. Vinified in neutral oak barrels, the wine is softened and broadened through the midpalate. And topped with natural cork instead of crown cap for its second fermentation (requiring hand- disgorging and painstaking hand-riddling), the wine is marked by the barest touch of sherry-like oxidation. The result is a gorgeous sparkler with generous, mouth-filling flavors, balanced in this moment between the freshness of youth and complex maturity. Juicy apple, honeyed lemon and energetic minerality are concentrated at its core, while lovely floral, brioche and hazelnut notes swirl around the edges.", "slug": "bollinger-la-grande-annee-brut-champagne-2008", "image_url": "https://images.vivino.com/thumbs/8M16YAr5RCCsuf7C6sz3Bg_pb_x600.png", "image": "8M16YAr5RCCsuf7C6sz3Bg_pb_x600.png", "wtype": "sparkling white", "style": "complex and traditional", "region": 5, "list_price": "99.99", "discounted_price": "88.88", "parker_points": 94, "star_rating": "4.5", "alcohol_content": "12.0"}}, {"model": "wines.wine", "pk": 13, "fields": {"created": "2020-12-15T17:40:34.977Z", "modified": "2020-12-15T18:11:19.315Z", "winery": 12, "name": "Florencia Muscat Canelli", "vintage": 2018, "grape_blend": "Muscat", "one_liner": "Muscat (Moscato in Italy, Moscatel in Spain and Portugal) is the name of one of the oldest and most widespread grape families in the world.", "description": "Palmaz is best known for its big steak-worthy redsand for its high-tech winery innovations. But it also produces a limited amount of this gentle, gorgeous Muscat Canelli. Minus the sugary overtones often found in Italian Muscats, the Florencia tastes like the purest expression of this grape, largely attributable to its cold fermentation. A delicate bouquet lures you in, but its fresh, clean and dry palate comes as a surprise. While this is a dessert white, it tastes only lightly sweet, a testament to the lower alcohol levels were seeing across genres, coming in at 13 percent.", "slug": "palmaz-vineyard-florencia-muscat-canelli-2018", "image_url": "https://images.vivino.com/thumbs/SraviHscSE6bg3uFvvKZMg_pb_x600.png", "image": "SraviHscSE6bg3uFvvKZMg_pb_x600.png", "wtype": "dessert", "style": "aromatic and floral", "region": 7, "list_price": "49.99", "discounted_price": "43.75", "parker_points": 88, "star_rating": "4.1", "alcohol_content": "13.0"}}, {"model": "wines.wine", "pk": 14, "fields": {"created": "2020-12-15T17:40:34.978Z", "modified": "2020-12-15T18:12:09.596Z", "winery": 13, "name": "Szt. Tamas", "vintage": 2013, "grape_blend": "Tokaji Blend", "one_liner": "Producer: The Royal Tokaji Wine Company", "description": "Royal Tokaji is arguably the most renowned Hungarian estate, and its vineyards were the first in Europe to be classified, in 1700. Within those first-growth holdings, the Szt. Tamas hill plot is one of the most iconic, where the Furmint vines are between 20 and 60 years old. That age and particular microclimate show up to enhance the wines signature sweetness. While it coats the mouth in apricot, white peach and honey, its unusual umami notes provide a slight but alluring funk beneath the sugar. And theres still a strong backbone of acid on the finish. It spends almost two years in second- and third-fill Hungarian oak barrels to acquire its golden hue. For a wine with such roundness, it clocks in at a surprisingly low 10 percent alcoholstill dangerous when a wine is this irresistible.", "slug": "royal-tokaji-szt-tamas-2013", "image_url": "https://images.vivino.com/thumbs/Vt4D_RCrSmqjPzWGNjHGJw_pb_x600.png", "image": "Vt4D_RCrSmqjPzWGNjHGJw_pb_x600.png", "wtype": "dessert", "style": "lush and balanced", "region": 11, "list_price": "49.99", "discounted_price": "37.50", "parker_points": 93, "star_rating": "4.5", "alcohol_content": "11.0"}}, {"model": "wines.wine", "pk": 15, "fields": {"created": "2020-12-15T17:40:34.979Z", "modified": "2020-12-15T18:12:56.594Z", "winery": 14, "name": "Marciano Estate Blanc", "vintage": 2017, "grape_blend": "Sauvignon Blanc", "one_liner": "Previously grapes sourced from St. Helena and labeled as 'Massiglia Sauvignon Blanc'. Indicative blend: Sauvignon Blanc and Sauvignon Musque", "description": "For anyone who gives a wide berth to refreshing but one-note Sauvignon Blancs, the remarkable 2017 Marciano Estate Blanc should come as a revelation: Yes, complex and serious Sauv Blancs do exist in the US. This wines grapes grow on a single acre on this gem of a property southwest of the town of St. Helena, and the wine represents the innovative edge of Sauvignon production on the West Coast. Winemaker and director Morgan Maureze created weight, mouth-feel and texture by fermenting the wineFor anyone who gives a wide berth to refreshing but one-note Sauvignon Blancs, the remarkable 2017 Marciano Estate Blanc should come as a revelation: Yes, complex and serious Sauv Blancs do exist in the US. This wines grapes grow on a single acre on this gem of a property southwest of the town of St. Helena, and the wine represents the innovative edge of Sauvignon production on the West Coast. Winemaker and director Morgan Maureze created weight, mouth-feel and texture by fermenting the wine in a range of vessels: new and neutral French oak, stainless steel and concrete. Still bright and fresh, the Blanc has impressive complexity unfolding on the nose and palate, with aromas of pear and apple giving way to peach wrapped in fragrant citrus, white blossoms and fresh herbs, followed by creamy citrus flavors overlaying sophisticated minerality. Maureze, whose resume includes the Chateau Petrus and Chateau Haut-Brion groups and Domaine de la Romanee-Conti in France, plus Screaming Eagle and Ovid in California, recalls his barrel tastings in those cellars, on the hunt for whites with character, focus and purity. His approach is to find that great potential in those parcels and capture it, he says. Its not imitating a style. Its doing what works for that very specific location and season. In that sense, this 2017 is an exceptional expression of a single acre.", "slug": "marciano-estate-marciano-estate-blanc-2017", "image_url": "https://images.vivino.com/thumbs/xZm8uzKmQnWxP22a8R2QJA_pb_x600.png", "image": "xZm8uzKmQnWxP22a8R2QJA_pb_x600.png", "wtype": "white", "style": "green and flinty", "region": 7, "list_price": "69.99", "discounted_price": null, "parker_points": 91, "star_rating": "4.5", "alcohol_content": "11.0"}}, {"model": "wines.wine", "pk": 16, "fields": {"created": "2020-12-15T17:40:34.981Z", "modified": "2020-12-15T18:15:46.028Z", "winery": 15, "name": "Corton-Charlemagne Grand Cru", "vintage": 2016, "grape_blend": "Chardonnay", "one_liner": "Domaine Bonneau du Martray is a family-owned wine producer particularly known for its fine Chardonnay wines.", "description": "Stan Kroenke might be best known by collectors as the owner of Screaming Eagle, but new evidencethe purchase of Bonneau du Martray and its swath of vineyards on the renowned hill of Corton in Cote de Beaunesuggests he might be a Burgundy man at heart. In fact, Kroenke is only the fifth owner of this land in its 1,200-year history, the first being the Holy Roman emperor Charlemagne, who remains the namesake of the Grand Cru appellation. And with the vineyards in question running from the crest of the hill to the bottom, Bonneau du Martray is able to blend bright fruit from the top, full of energy and verve, with richer, fatter grapes from the lower sites to create an exquisitely balanced Chardonnayarguably the most complete expression of this famous place. The Bonneau du Martray 2016 is bright and energetic. A signature lemon-curd character and chiseled backbone meet with a perfect balance among fruit and savory notes, tension and, above all, texture.", "slug": "domaine-bonneau-du-martray-corton-charlemagne-grand-cru-2016", "image_url": "https://images.vivino.com/thumbs/oIEEHLtPQgidLfcJEoYalg_pb_x600.png", "image": "oIEEHLtPQgidLfcJEoYalg_pb_x600.png", "wtype": "white", "style": "buttery and complex", "region": 4, "list_price": "59.99", "discounted_price": null, "parker_points": 93, "star_rating": "4.4", "alcohol_content": "13.5"}}, {"model": "wines.wine", "pk": 17, "fields": {"created": "2020-12-15T17:40:34.982Z", "modified": "2020-12-28T20:58:46.677Z", "winery": 16, "name": "Cervaro della Sala", "vintage": 2018, "grape_blend": "Rare White Blend", "one_liner": "Indicative blend: Chardonnay, Grechetto", "description": "", "slug": "castello-della-salla-cervaro-della-sala-2018", "image_url": "https://images.vivino.com/thumbs/VP8oc23LS7-YOEpFUeDd3A_pb_x600.png", "image": "VP8oc23LS7-YOEpFUeDd3A_pb_x600.png", "wtype": "white", "style": "green and flinty", "region": 9, "list_price": "59.99", "discounted_price": "44.99", "parker_points": 92, "star_rating": "4.4", "alcohol_content": "13.0"}}, {"model": "wines.wine", "pk": 18, "fields": {"created": "2020-12-15T17:40:34.984Z", "modified": "2020-12-15T18:16:55.673Z", "winery": 17, "name": "P2 Plnitude Brut Champagne", "vintage": 2002, "grape_blend": "Champagne", "one_liner": "Second release of the Dom Perignon, which happens 10 years after the launch of the first release", "description": "One of the qualities that gives Dom Perignon its elite status is that the house makes wine only in years that are declared vintages in Champagne, so only in the best of times with the most optimal grapes. But the brand also does something unique with each vintage: It releases the wine in two stages, initially about eight years after going into bottle, then again after another eight years, in what Dom Perignon calls its second plenitude, or P2. The portion held back remains on the lees to accumulate even more complexity. The 2002 P2 ($390) surpasses the 2000 and 1998 versions and is much more complex than the first-vintage 2002. The P2 is light, ethereal, with just 4 grams of dosage added. This is a cascade of creamy, nutty elegance, with refreshing fruit on the palate. Its still vivid and energized, even 17 years post-harvest. The 2002 P2 marks the first release under new chef de cave Vincent Chaperon, who has been turning the brand toward biodynamic and organic farming practices. Dom Perignon is embracing the completeness of wine, he says, adding that while most winemakers have been making Champagne too technical, Dom Perignon is embracing technology, but also tradition and wines social and emotional linkwine helps us to go on dreaming. The 2002 P2 certainly drinks like a dream.", "slug": "dom-perignon-p2-plenitude-brut-champagne-2002", "image_url": "https://images.vivino.com/thumbs/n5By4_iWSS2Zmf7anQtL_Q_pb_x600.png", "image": "n5By4_iWSS2Zmf7anQtL_Q_pb_x600.png", "wtype": "sparkling white", "style": "complex and traditional", "region": 5, "list_price": "129.99", "discounted_price": "99.99", "parker_points": 92, "star_rating": "4.5", "alcohol_content": "12.5"}}, {"model": "wines.wine", "pk": 19, "fields": {"created": "2020-12-15T17:40:34.985Z", "modified": "2020-12-15T18:17:47.062Z", "winery": 18, "name": "Heytesbury", "vintage": 2016, "grape_blend": "Chardonnay", "one_liner": "Margaret River is a highly respected wine region in the southwestern corner of Western Australia.", "description": "For those of us in the Northern Hemisphere, Chardonnay and Australia are not synonymous. But in one southwestern corner of the country, on a peninsula surrounded on three sides by ocean, sits the Margaret River growing region, ideal for maturing Cabernet Sauvignon and Chardonnay grapes. Winemaker Virginia Willcock makes the most of the areas Mediterranean-like climate on an estate where the regions first commercial vines were planted, in 1967Vasse Felix. The 2016 Chardonnay ($45) smells of lemon pie crust and tropical pineapple, with a taste of buttery croissant and nougat on the palate. But it has enough acid to keep it vibrant and zingy. The wine spends nine months on the lees in French oak thats a mix of old and new. Willcock is a passionate proponent of the use of wild, native yeasts in Australian winemaking, and this wine benefits from that innovation, as well as from hand-harvesting and a gentle, whole-cluster press.", "slug": "vasse-felix-heytesbury-2016", "image_url": "https://images.vivino.com/thumbs/C0iCrfuwS52l03ix9J17rg_pb_x600.png", "image": "C0iCrfuwS52l03ix9J17rg_pb_x600.png", "wtype": "white", "style": "buttery and complex", "region": 3, "list_price": "59.99", "discounted_price": "55.00", "parker_points": 93, "star_rating": "3.8", "alcohol_content": "12.9"}}, {"model": "wines.wine", "pk": 20, "fields": {"created": "2020-12-15T17:40:34.986Z", "modified": "2020-12-15T18:18:36.475Z", "winery": 19, "name": "Brunello di Montalcino Riserva", "vintage": 2011, "grape_blend": "Sangiovese", "one_liner": "Grapes sourced from vineyards between 10 and 25 years old. Jacopo Biondi Santi, son of Franco Biondi Santi, has taken over the Tenuta Greppo in 2013.", "description": "This rich, balanced wine has the signature brown-tinged, ruby-red color of a great Brunello (one of the few made with 100 percent Sangiovese) and is rife with both dark red fruit and earthy, herbal notes. Held back until it was perfectly ready, the 2011 vintage ($566) from this historic Tuscan estate is at its peak of drinkability. But wines of its provenance have proven to improve across decades in the cellar, too, even to the century mark. Now overseen by the 6th and 7th generations of the family, Tancredi Biondi Santi and his father, the winemaking is approached with longevity in mind, aging in neutral oak barrels, so that any oak extraction takes a backseat to the grapes. The vines are the result of generations of cultivation of Sangiovese Grosso, leading the family to develop a clone of their own: BBS 11, for Brunello Biondi-Santi. It is this special strain that contributes to the one-of-a-kind beauty of such an elegant, savory wine.", "slug": "biondi-santi-brunello-di-montalcino-riserva-2011", "image_url": "https://images.vivino.com/thumbs/C62n7YRySmOweMGqGhHUwA_pb_x600.png", "image": "C62n7YRySmOweMGqGhHUwA_pb_x600.png", "wtype": "red", "style": "bold and structured", "region": 8, "list_price": "59.99", "discounted_price": null, "parker_points": 93, "star_rating": "4.6", "alcohol_content": "13.5"}}, {"model": "wines.wine", "pk": 21, "fields": {"created": "2020-12-15T17:40:34.988Z", "modified": "2020-12-15T18:19:38.990Z", "winery": 20, "name": "Cte-Rtie La Mouline", "vintage": 2014, "grape_blend": "Shiraz/Syrah", "one_liner": "Indicative blend: 89% Syrah and 11% Viognier. From Cote Blonde.", "description": "In a mere three generations, the Guigal family has traveled from vineyard work to producing some of the most highly acclaimed wines from almost every district in the Rhone Valley. And while the familiar E. Guigal Cotes du Rhone label shouts value the world over, it is the familys tiny productions from post-stamp vineyards in the likes of Cote-Rotie, Saint-Joseph and Hermitage that prompt collectors to sleuth out bottles on the secondary market. La Mouline, in Cote-Rotie, is the oldest of the Guigals vineyards. In fact, its considered the oldest in the AOC itself, with walls dating back some 2,400 years. Replanted in the 1890s, after the scourge of phylloxera, the vineyards current vines average about 90 years old. The E. Guigal 2014 La Mouline ($390) shows what gorgeous balance vine age can produce. Its dark berry fruit is concentrated and layered with an earthy smoked-meat character, with delicate floral aromas, and theres a subtle silky quality to the winelikely the result of a full 11 percent Viognier cofermented with the Syrah.", "slug": "e-guigal-cote-rotie-la-mouline-2014", "image_url": "https://images.vivino.com/thumbs/HYVZMFigQ5qXxni7s9SpWw_pb_x600.png", "image": "HYVZMFigQ5qXxni7s9SpWw_pb_x600.png", "wtype": "red", "style": "bold and structured", "region": 6, "list_price": "59.99", "discounted_price": null, "parker_points": 94, "star_rating": "4.6", "alcohol_content": "13.0"}}, {"model": "wines.wine", "pk": 22, "fields": {"created": "2020-12-15T17:40:34.990Z", "modified": "2020-12-15T18:20:37.171Z", "winery": 21, "name": "2008 Cuvee Sir Winston Churchill", "vintage": 2008, "grape_blend": "Champagne", "one_liner": "Champagne Pol Roger is a prominent Champagne producer based in Epernay.", "description": "Myths abound about the wartime PM and his Pol Roger (that he drank a bottle of it every daybefore he got out of bed in the morning), but the truth is that after World War II, Churchill formed a lasting friendship with the captivating Odette Pol-Roger, and thereafter, the wine was his Champagne of choice. In 1975, 10 years after his death, the wine family approached the politicians familyfriends stillto ask their permission to create Cuvee Sir Winston Churchill in his honor. Vintage 2008 ($300), released last fall, embodies Churchills taste in Champagnefull-bodied, robust and mature. It is complex and chalky, with pinpoint balance between a delicately honeyed character and a briny oyster-shell quality. On the palate, citrus, pear and faint tropical flavors are layered with nuttiness and meringue. Are we cheating to go with a Champagne as our Best French White? Can you ever have too much Champagne?", "slug": "pol-roger-2008-cuvee-sir-winston-churchill-2008", "image_url": "https://images.vivino.com/thumbs/HlLhUWbyTfupk59rOtNM-g_pb_x600.png", "image": "HlLhUWbyTfupk59rOtNM-g_pb_x600.png", "wtype": "sparkling white", "style": "complex and traditional", "region": 5, "list_price": "199.99", "discounted_price": "175.00", "parker_points": 95, "star_rating": "5.0", "alcohol_content": "12.5"}}, {"model": "wines.wine", "pk": 23, "fields": {"created": "2020-12-15T17:40:34.991Z", "modified": "2020-12-15T18:21:21.420Z", "winery": 22, "name": "Qvevri White", "vintage": 2018, "grape_blend": "Pinot Blanc", "one_liner": "Winemaker: Ben Walgate", "description": "Theres no doubt that English wines once got a bad rap, due in part to a climate perceived as a bit too nippy to produce anything truly drinkable. To this day, less than one percent of wines consumed in England are local, despite the growing number of terrific home soil options  including a handful from other nations of the UK. On the natural wine front, then, Tillingham is arguably top of the pile, thanks to a combination of traditional production, creative branding and compelling storytelling. The Tillingham estate, headed by Ben Walgate (see main pic, above), is set amongst 70 acres of stately East Sussex countryside  a mixed farm dating from the 13th century, with rooms available for overnight guests and a smashing restaurant. Its perhaps more an energy than a flavour that makes a wine identifiable as Tillingham, Walgate says. For his Qvevri White, he transplanted Georgian technique to our less temperate isle. The result is a subtle wine with bright acidity, powerful aromatics and plenty of texture.", "slug": "tillingham-wines-qvevri-white-2018", "image_url": "https://www.google.com/url?sa=i&url=https%3A%2F%2Flovewine.je%2Fproducts%2Ftillingham-qvevri-white&psig=AOvVaw27fNdOb1vAWKvvPh0J0n6d&ust=1607879473461000&source=images&cd=vfe&ved=0CAIQjRxqFwoTCMj0tPn3yO0CFQAAAAAdAAAAABAI", "image": "vtpgzIoXSx6GNYuArK7G_QVEVRIWHITE-800x1200.png", "wtype": "white", "style": "complex and traditional", "region": 12, "list_price": "39.99", "discounted_price": "28.75", "parker_points": 88, "star_rating": "4.0", "alcohol_content": "12.0"}}, {"model": "wines.wine", "pk": 24, "fields": {"created": "2020-12-15T17:40:34.992Z", "modified": "2020-12-15T18:22:03.314Z", "winery": 23, "name": "El Otro Lado", "vintage": 2017, "grape_blend": "Torronts", "one_liner": "Torrontes is a name rapidly becoming synonymous with the white wines of Argentina.", "description": "The Tupungato (Mendoza) region of Argentina is named after the eponymous volcano, in whose afternoon shadow PolOpuestos vines find respite from the days sun (see below). Theyre grown at high altitude (above 1200m) and trained in the traditional pergola system, which allows a canopy to form, protecting the grapes from the merciless Argentinian glare. For the wine aficionado, El Otro Lados grapes are a prize, one of the few types not European in origin, but instead a blend of heritage varieties that occurred centuries ago in the country and which could almost be considered native. Certainly, the present-day variety exists nowhere else in the world.", "slug": "pol-opuesto-el-otro-lado-2017", "image_url": "http://www.ozonodrinks.com.ar/prod_images/0000004754_1.jpg", "image": "0000004754_1.jpg", "wtype": "white", "style": "aromatic and floral", "region": 13, "list_price": "49.99", "discounted_price": null, "parker_points": 88, "star_rating": "4.0", "alcohol_content": "12.5"}}, {"model": "wines.wine", "pk": 25, "fields": {"created": "2020-12-15T17:40:34.994Z", "modified": "2020-12-15T18:23:22.288Z", "winery": 24, "name": "N Litr Bianco", "vintage": 2019, "grape_blend": "Bombino Bianco", "one_liner": "Organic Biodynamic wine by Valentina Passalacqua.", "description": "Calcarius has frequently been touted as an avant-garde natural wine project; progressive in character and distinctive on the palate. Its founder, Valentina Passalacqua (see below), abandoned a career in London to establish a vineyard in her Italian childhood hometown, which is some indication of the layers of story and personal devotion present in each bottle. The soil in which her vines grow is idiosyncratically calcareous (hence the name), lending itself to wines with robust minerality. The Bianco, in a neat litre bottle, is Puglia writ large  sharp with lemon, ripe with orange and apricot, and the colour of a summer days first light. Ive discovered a new awareness for nature and my winerys mission, says Passalacqua, reflecting on her own recent time in lockdown. Its about peaceful living, which is why those words will be added to our upcoming bottles as a fresh creed, along with new, inspiration-led illustrations. Natural wine, for me, is just a first step towards a deeper understanding of, and connection to, nature.", "slug": "valentina-passalacqua-nu-litr-bianco-2019", "image_url": "https://cdn.shopify.com/s/files/1/0649/2151/products/222-178_688x688.jpg", "image": "222-178_688x688.jpg", "wtype": "white", "style": "tropical and balanced", "region": 10, "list_price": "59.99", "discounted_price": "49.99", "parker_points": 91, "star_rating": "4.2", "alcohol_content": "11.5"}}, {"model": "wines.wine", "pk": 26, "fields": {"created": "2020-12-15T17:40:34.995Z", "modified": "2020-12-15T18:24:31.359Z", "winery": 25, "name": "Kadarka Nagy-Krisztus", "vintage": 2017, "grape_blend": "Kadarka", "one_liner": "Kadarka is the past and the future of the Szermi wine region of Serbia", "description": "Like Slovakia, its alliterative sibling Serbia is still not widely thought of as a bastion of natural wine. Even Hungary, sandwiched in between both nations, arguably has more mainstream wallop  and when was the last time you saw a Hungarian vintage in your local neighbourhood off licence? But despite a winemaking industry that sometimes flies near-stealth, there are some impressive tipples to be found in this Balkan state. Oskar Maurer, a fourth-generation winemaker, is one of the most prominent custodians of Serbias growing natural wine industry, his own sweeping vineyards being found on the side of Fruska Gora Mountain, in the countrys far north. His kadarka vines were, remarkably, planted in 1880, so could be the oldest living of the variety anywhere on the planet, making the Maurer Kadarka  a floral, spicy red  quite special.", "slug": "maurer-kadarka-nagy-krisztus-2017", "image_url": "https://m.blog.hu/ma/maceracio/image/Oszk%C3%A1r3.jpg", "image": "Oszkr3.jpg", "wtype": "red", "style": "aromatic and floral", "region": 16, "list_price": "49.99", "discounted_price": "44.75", "parker_points": 89, "star_rating": "4.2", "alcohol_content": "12.5"}}, {"model": "wines.wine", "pk": 27, "fields": {"created": "2020-12-15T17:40:34.996Z", "modified": "2020-12-15T18:28:42.416Z", "winery": 26, "name": "Liquid Skin", "vintage": 2019, "grape_blend": "Chenin Blanc", "one_liner": "Skin contact white wine produced by Johan Meyer", "description": "Johan Meyer has been called the most important rising star of the South African natural wine scene and, looking at his roll call of classics-to-be, its a title thats difficult to disagree with. Mother Rock, which Meyer founded in collaboration with Indigo Wines Ben Henshaw, is perhaps the label hes most commonly associated. Its characterful varieties can be attributed to its origin, in South Africas Swartland region, about 40 miles north of Cape Town. The starting point for those uninitiated in Mother Rock is surely Liquid Skin, a complex Chenin Blanc. Practically luminescent, its golden hue hints at the exoticism of its flavour profile, which packs tropical fruit as well as honey and citrus; its buoyancy, good humour and lightness of spirit is the epitome of South African wine country.", "slug": "mother-rock-liquid-skin-2019", "image_url": "https://images.vivino.com/thumbs/6S7rkzBbTYyhy3f2C8Aw6A_pb_x600.png", "image": "6S7rkzBbTYyhy3f2C8Aw6A_pb_x600.png", "wtype": "white", "style": "buttery and complex", "region": 18, "list_price": "79.99", "discounted_price": null, "parker_points": 90, "star_rating": "4.1", "alcohol_content": "11.0"}}, {"model": "wines.wine", "pk": 28, "fields": {"created": "2020-12-15T17:40:34.997Z", "modified": "2020-12-15T18:26:24.428Z", "winery": 27, "name": "Tamjanika Budimir", "vintage": 2017, "grape_blend": "Muscat", "one_liner": "Very fruity and crispy and mineral and floral. Excellent wine", "description": "Serbia is a country in the south-east of Europe, geographically the largest of the former Yugoslav states and still the most productive in wine terms. Like the Republic of Macedonia, its southern neighbor, Serbia is landlocked. It has no fewer than eight international borders, or potentially nine, depending on whether Kosovo is treated as independent. It lies between the northern latitudes of 41 and 47 degrees, placing it comfortably within the 'Wine Belt'  the latitudes within which quality viniculture is deemed practicable. In Western Europe this location corresponds to the area bounded by France's Loire valley in the north and Spain's Duero (home to Rueda and Ribera del Duero) in the south. In terms of topography, the land is quite varied, rising from 200ft to 7055ft (600m to 2150m) across the country. The greatest contrast is between Vojvodina province in the north, which lies entirely within the Central European Pannonian Plain, and the southernmost Carpathian Mountains in the east.", "slug": "vino-budimir-tamjanika-budimir-2017", "image_url": "https://images.vivino.com/thumbs/SsGAmb9LQ4qoSndSXxkKAQ_pb_x600.png", "image": "SsGAmb9LQ4qoSndSXxkKAQ_pb_x600.png", "wtype": "white", "style": "aromatic and floral", "region": 17, "list_price": "49.99", "discounted_price": "45.00", "parker_points": 89, "star_rating": "4.0", "alcohol_content": "12.5"}}, {"model": "wines.wine", "pk": 29, "fields": {"created": "2020-12-15T17:40:34.999Z", "modified": "2020-12-15T18:27:11.410Z", "winery": 27, "name": "Svb Rosa", "vintage": 2017, "grape_blend": "Rare Rose Blend", "one_liner": "Amazing flavors. Candied violets on the nose.", "description": "Rare Ros Blend is a term Wine-Searcher uses to identify ros wines made from unusual or rarely seen combinations of grape varieties. There is great variation within the world of ros, from the fresh, strawberry-tinged wines of Provence to the much-maligned category of White Zinfandel. The grape varieties used are most commonly red, and the pale color is achieved by limiting the contact the grape has with its skins.", "slug": "vino-budimir-svb-rosa-2017", "image_url": "https://images.vivino.com/thumbs/oASZBNNaS--FA8i3mVT9UQ_pb_x600.png", "image": "oASZBNNaS--FA8i3mVT9UQ_pb_x600.png", "wtype": "rose", "style": "aromatic and floral", "region": 17, "list_price": "49.99", "discounted_price": "44.00", "parker_points": 88, "star_rating": "4.0", "alcohol_content": "13.5"}}, {"model": "wines.wine", "pk": 30, "fields": {"created": "2020-12-15T17:40:35.000Z", "modified": "2020-12-15T18:28:15.089Z", "winery": 28, "name": "Chardonnay", "vintage": 2017, "grape_blend": "Chardonnay", "one_liner": "Fabulous white from a great winemaker. Complex, rich, creamy and citrus.", "description": "Bodega Catena Zapata is one of the foremost wine estates in Mendoza, Argentina. Founded in 1902 and still in family hands, it is particularly known for its rich, full-bodied red wines, usually made from Malbec, and also for its barrel-fermented Chardonnay sourced from high-altitude sites, which combine ripeness with fresh acidity. Owner Nicols Catena was Decanter Magazine man of the year in 2009. The estate is made up of six vineyards in the Lujn de Cuyo, Tupungato and San Carlos sub-regions of Mendoza, at altitudes ranging from 3000-4750 feet (920-1450m) above sea level. The winery, with its striking, Mayan-influenced pyramid shape, is located in Agrelo, in Lujn de Cuyo.", "slug": "catena-alta-chardonnay-2017", "image_url": "https://images.vivino.com/thumbs/HvDWlPScSh6m6q6pHkS4YA_pb_x600.png", "image": "HvDWlPScSh6m6q6pHkS4YA_pb_x600.png", "wtype": "white", "style": "tropical and balanced", "region": 13, "list_price": "49.99", "discounted_price": null, "parker_points": 91, "star_rating": "4.2", "alcohol_content": "13.9"}}, {"model": "wines.wine", "pk": 31, "fields": {"created": "2020-12-15T17:40:35.002Z", "modified": "2020-12-15T18:29:49.705Z", "winery": 29, "name": "Salentein Malbec Selection", "vintage": 2018, "grape_blend": "Malbec", "one_liner": "Argentinas sixth-largest exporter, Bodegas Salentein ranked in the 2020 listing of the Fifty Best World Vineyards.", "description": "Bodegas Salentein is an Argentinian wine producer based in Mendoza's Uco Valley. It makes a wide range of wines from classic Argentinian grape varieties, headed by the Gran VU Blend, a Malbec  Cabernet Sauvignon combination aged for 24 months in French oak. The estate is comprised of about 800 hectares (1100 acres) of vineyards in the high-altitude Uco Valley. Most of this is planted to red grape varieties like Malbec, Cabernet Sauvignon and Pinot Noir, although around a fifth of the vineyard is planted to white grapes, including Chardonnay and Sauvignon Blanc.", "slug": "bodega-salentein-salentein-malbec-selection-2018", "image_url": "https://images.vivino.com/thumbs/svr93J5eQEibPp6hHtC7fQ_pb_x600.png", "image": "svr93J5eQEibPp6hHtC7fQ_pb_x600.png", "wtype": "red", "style": "bold and structured", "region": 14, "list_price": "69.99", "discounted_price": "59.99", "parker_points": 89, "star_rating": "4.1", "alcohol_content": "13.5"}}, {"model": "wines.wine", "pk": 32, "fields": {"created": "2020-12-15T17:40:35.003Z", "modified": "2020-12-28T20:33:37.202Z", "winery": 30, "name": "Ultra Malbec Las Rocas", "vintage": 2018, "grape_blend": "Malbec", "one_liner": "Ownership: Montes. Also labeled as 'Las Rocas'. Grapes sourced from Los Chacayes, Altamira y Gualtallary", "description": "Kaiken is a wine producer from Argentina, making wines in the country's key regions Mendoza and Salta. It was set up in 2002 by Aurelio Montes, founding partner of Chile's Via Montes, to capitalize on the popularity of Argentinian wine. The company's vineyards are all planted on alluvial soils on the edge of the Andes Mountains, and are planted to a range of classic Argentinian grape varieties like Malbec, Bonarda, Cabernet Sauvignon and Torronts.", "slug": "kaiken-ultra-malbec-las-rocas-2018", "image_url": "https://images.vivino.com/thumbs/VO-zLj8kRK2BxQ6tmtslBg_pb_x600.png", "image": "VO-zLj8kRK2BxQ6tmtslBg_pb_x600.png", "wtype": "red", "style": "bold and structured", "region": 13, "list_price": "69.95", "discounted_price": null, "parker_points": 89, "star_rating": "4.1", "alcohol_content": "14.0"}}, {"model": "wines.wine", "pk": 33, "fields": {"created": "2020-12-15T17:40:35.005Z", "modified": "2020-12-28T20:55:15.343Z", "winery": 31, "name": "Finca Wolffer Ros", "vintage": 2019, "grape_blend": "Rare Rose Blend", "one_liner": "Peach-coloured ros with a nose of fresh fig, grape bubblegum and a touch of funky yeast, the palette gives you florals, a mineral backbone and lime zest finish", "description": "A diverse array of wines are made by this producer including those from grapes Sauvignon Blanc, Petit Verdot, Trebbiano (Ugni Blanc), Cabernet Franc, Bordeaux Blend Red, Cabernet Sauvignon, Pinot Gris, Pinot Noir, Gin, Chardonnay, Barbera, Cider, Chardonnay - Riesling, Malbec, Merlot, Rare White Blend, and Pink Gin.", "slug": "wolffer-estate-finca-wolffer-rose-2019", "image_url": "https://images.vivino.com/thumbs/v4Zlwws7Qpi2KfY5oLsCug_pb_x600.png", "image": "v4Zlwws7Qpi2KfY5oLsCug_pb_x600.png", "wtype": "rose", "style": "tropical and balanced", "region": 13, "list_price": "59.99", "discounted_price": "55.00", "parker_points": 86, "star_rating": "4.0", "alcohol_content": "12.5"}}, {"model": "wines.wine", "pk": 34, "fields": {"created": "2020-12-15T17:40:35.006Z", "modified": "2020-12-28T20:37:15.233Z", "winery": 32, "name": "Estate Torrontes", "vintage": 2018, "grape_blend": "Torronts", "one_liner": "Ownership: Hess Family Vineyard", "description": "Cafayate is a wine-producing region in the north-west of Argentina, located within the wider Calchaqui Valley - one of the highest places in the world suitable for viticulture. The town of Cafayate sits near the southern border of Argentina's northernmost wine region, Salta, although administratively it is a part of the Salta Province. Reasonably well known for its Torrontes and Malbec, the Calchaqui Valley (a catch-all name for a series of valleys on the edge of the Andes mountains) surrounds Cafayate and has some of the most spectacular landscapes in Argentina, changing rapidly and dramatically from desert to mountains to sub-tropical forest.", "slug": "bodega-colome-estate-torrontes-2018", "image_url": "https://images.vivino.com/thumbs/SZsajDdPQgG6TXKnzgDICQ_pb_x600.png", "image": "SZsajDdPQgG6TXKnzgDICQ_pb_x600.png", "wtype": "white", "style": "aromatic and floral", "region": 15, "list_price": "49.95", "discounted_price": "44.00", "parker_points": 89, "star_rating": "3.7", "alcohol_content": "13.0"}}, {"model": "wines.wine", "pk": 35, "fields": {"created": "2020-12-15T17:40:35.008Z", "modified": "2020-12-28T20:35:57.862Z", "winery": 33, "name": "Cabernet Franc Ros", "vintage": 2020, "grape_blend": "Cabernet-Franc", "one_liner": "Super pale: almost coral. Pretty nose with good fruit and crushed petals.", "description": "Savour the freshness of Summer. Made from 100% Cabernet Franc, this unique Ros displays flavours of ripe strawberries, cassis and candyfloss with a seductive spicy finish. Handpicked and gently pressed to obtain the perfect, subtle pink hue the Delaire Graff Cabernet Franc Rose is a firm favourite. Cases are available in multiples of 6 bottles. Please add the total number of bottles to your purchase.", "slug": "delaire-graff-cabernet-franc-rose-2020", "image_url": "https://images.vivino.com/thumbs/7_nErEuAT12tUhPWEqXmgg_pb_x600.png", "image": "7_nErEuAT12tUhPWEqXmgg_pb_x600.png", "wtype": "rose", "style": "tropical and balanced", "region": 20, "list_price": "59.99", "discounted_price": null, "parker_points": 88, "star_rating": "3.9", "alcohol_content": "12.0"}}, {"model": "wines.wine", "pk": 36, "fields": {"created": "2020-12-15T17:40:35.010Z", "modified": "2020-12-28T20:38:03.728Z", "winery": 34, "name": "Brut Ros", "vintage": 2015, "grape_blend": "Pinot-Noir Chardonnay Blend", "one_liner": "Good rose champagne with fine brioche, pinot on the nose with strawberries and good pallet.", "description": "This wine has a unique pale silver-pink hue. Aromas of rasberries, cherries and a few secondary whiffs of minerality. A lively mousse, but fine in the mouth, with subtle red berry flavours enlivened by bright acidity. Brisk, yet delicate on the palate, bursting with flavours of freshly crushed berries and hints of oyster shell. Flirtatious and fun, yet elegant and structured, it's perfect for all seasons and settings.", "slug": "graham-beck-brut-rose-2015", "image_url": "https://images.vivino.com/thumbs/IzEB-6RGSQecbdchT6ovpg_pb_x600.png", "image": "IzEB-6RGSQecbdchT6ovpg_pb_x600.png", "wtype": "sparkling rose", "style": "lush and balanced", "region": 19, "list_price": "999.99", "discounted_price": null, "parker_points": 90, "star_rating": "4.0", "alcohol_content": "12.0"}}, {"model": "wines.wine", "pk": 37, "fields": {"created": "2020-12-15T17:40:35.012Z", "modified": "2020-12-28T20:39:08.852Z", "winery": 35, "name": "Field Blend", "vintage": 2003, "grape_blend": "Cabernet-Sauvignon", "one_liner": "Established in 1988 by winemaker Beyers Truter to make Cabernet Sauvignon-based wine.", "description": "The Cabernet  Merlot partnership has proved itself in almost every major winegrowing country on Earth, most obviously France, Italy, Australia, Chile and the US, but also such far-flung nations as Argentina, South Africa, New Zealand, Canada and Israel. The exact proportions of each variety used varies by region, winemaker and style. Cabernet Sauvignon typically provides the blend's structure, in terms of both tannins and acids. It also brings dark-fruit flavors of blackcurrant and bell pepper. Merlot is generally considered the juicer, \"fatter\" variety; it has less structure, but is generous with its palate weight and fruit flavors. This is visibly reflected in the vineyard, by Merlot's larger, plumper berries, whose thinner skins give a lower skin to juice ratio. Cabernet's robust structure is fattened out with Merlot's juicy fruit  a marriage with excellent long-term potential when assembled with care.", "slug": "beyerskloof-field-blend-2003", "image_url": "https://images.vivino.com/thumbs/bWIxlkFERTKSpujB7O3nqQ_pb_x600.png", "image": "bWIxlkFERTKSpujB7O3nqQ_pb_x600.png", "wtype": "red", "style": "bold and structured", "region": 20, "list_price": "49.99", "discounted_price": "44.00", "parker_points": 89, "star_rating": "4.4", "alcohol_content": "13.5"}}, {"model": "wines.wine", "pk": 38, "fields": {"created": "2020-12-15T17:40:35.013Z", "modified": "2020-12-28T20:40:05.779Z", "winery": 36, "name": "Pinot Gris", "vintage": 2018, "grape_blend": "Pinot-Gris", "one_liner": "Fruity, floral & flavoursome. Top drawer drinker. peach pear apple lemon lime citrus tropical", "description": "The Pinot Gris is off-dry and pale lemon in colour, with aromatic peach and pear fruit alongside the floral character on the nose. On the palate, it has excellent balance with crisp acidity. It is fairly full in body, with plenty of juicy fruit intensity, but is refreshing and long, with a lively citrus and stone fruit finish.", "slug": "stopham-estate-pinot-gris-2018", "image_url": "https://images.vivino.com/thumbs/kzUEACJfRZKoCN1SsxqRMA_pb_x600.png", "image": "kzUEACJfRZKoCN1SsxqRMA_pb_x600.png", "wtype": "white", "style": "aromatic and floral", "region": 12, "list_price": "49.99", "discounted_price": "42.00", "parker_points": 88, "star_rating": "4.1", "alcohol_content": "11.5"}}, {"model": "wines.wine", "pk": 39, "fields": {"created": "2020-12-15T17:40:35.015Z", "modified": "2020-12-28T20:40:48.617Z", "winery": 37, "name": "Pinot Noir", "vintage": 2018, "grape_blend": "Pinot-Noir", "one_liner": "Complex nose with strawberries, raspberries, herbs, pepper, earthy tones and even some floral hints.", "description": "Owner-winemaker Sam Linter has long been a fan, and producer, of Pinot Noir. This example balances attractive aromatics, sweet fruit and fine tannins. Just a portion has visited barrels, which adds a hint of aromatic toast and palate piquancy. Otherwise, the focus is the ripe fruit, introduced by a translucent ruby colour. Juicy red cherry fruits on the palate have ripeness and density about them, laced with finely perceptible tannins, all in a modest body thats freshly balanced.", "slug": "bolney-wine-estate-pinot-noir-2018", "image_url": "https://images.vivino.com/thumbs/lgDzd_ZbT2u5neYi2aBt0w_pb_x600.png", "image": "lgDzd_ZbT2u5neYi2aBt0w_pb_x600.png", "wtype": "red", "style": "light and perfumed", "region": 12, "list_price": "49.99", "discounted_price": "45.00", "parker_points": 90, "star_rating": "4.3", "alcohol_content": "12.5"}}, {"model": "wines.wine", "pk": 40, "fields": {"created": "2020-12-15T17:40:35.017Z", "modified": "2020-12-28T20:42:12.512Z", "winery": 38, "name": "Classic Cuve Brut", "vintage": 2016, "grape_blend": "Champagne Blend", "one_liner": "Red apple touch of citrus and something toasty behind on the nose.", "description": "Unusually for an entry-level sparkling cuve, this is vintage-dated. It's also the first release, a blend in 2016 of 57% Pinot Noir, 22% Chardonnay and 21% Pinot Meunier, aged for 36 months in bottle, and with 5g/L dosage. There is a generous weight of ripe apple fruit here, a touch of honeydew melon and some brioche creaminess. An approachable style, this would match perfectly with Chinese crispy duck or a fish pie.", "slug": "rathfinny-classic-cuvee-brut-2016", "image_url": "https://images.vivino.com/thumbs/0eNSROLLQiaN0OOSm6wK5A_pb_x600.png", "image": "0eNSROLLQiaN0OOSm6wK5A_pb_x600.png", "wtype": "sparkling white", "style": "complex and traditional", "region": 12, "list_price": "99.99", "discounted_price": "89.95", "parker_points": 88, "star_rating": "3.8", "alcohol_content": "12.5"}}, {"model": "wines.wine", "pk": 41, "fields": {"created": "2020-12-15T17:40:35.018Z", "modified": "2020-12-28T20:43:03.678Z", "winery": 39, "name": "Reserve Petite Sirah", "vintage": 2017, "grape_blend": "Shiraz/Syrah", "one_liner": "Recanati Winery is an Israeli wine producer located in the Upper Galilee region.", "description": "The 2017 Petite Sirah Reserve was aged in a 60/40 mixture of stainless steel and used oak (90% French). It comes in at 14% alcohol. As I was tasting this, granting that the others were not side by side with it, this seemed like one of the best in the brand for a while. It has a touch of its typical cream and vanilla up front, but that integrates as time goes on. It is beautifully structured, lingers nicely on the finish and has impressive concentration for the level and grape. Sleek and polished, this also has a little sex appeal. This can be drunk now, but it should be better in a year. It should hold reasonably well thereafter, maybe longer than anticipated.", "slug": "recanti-reserve-petite-sirah-2017", "image_url": "https://images.vivino.com/thumbs/54eZLjW8QZalCiLPjKTCLw_pb_x600.png", "image": "54eZLjW8QZalCiLPjKTCLw_pb_x600.png", "wtype": "red", "style": "rich and intense", "region": 21, "list_price": "79.99", "discounted_price": null, "parker_points": 90, "star_rating": "4.7", "alcohol_content": "14.5"}}, {"model": "wines.wine", "pk": 42, "fields": {"created": "2020-12-15T17:40:35.019Z", "modified": "2020-12-28T20:44:09.217Z", "winery": 40, "name": "La Vie Blanc", "vintage": 2018, "grape_blend": "Rare White Blend", "one_liner": "Domaine du Castel is a small family-owned winery located in the Judean Hills near Jerusalem.", "description": "Crisp lemon zest, white peach, and almond blossom seduce the nose while the first sip offers mouthwatering freshness and rich tropical fruit flavours with a very clean finish. Crafted from Sauvignon Blanc, Chardonnay, and Gewurztraminer to add subtle aromatic character, the La Vie Blanc is the ideal partner for fresh seafood or roasted chicken. It can also be drunk alone as an aperitif or by the pool as a refreshing alternative to ros. Winemaker Eli Ben Zaken is a true pioneer in the Israeli wine industry, having taught himself how to make wine from the books of Emile Peynaud. Eli emigrated to Israel from Milan in the 1970s and purchased a farm where he planted the first modern vineyard in the Judean Hills in 1988. Soon after that he imported French barrels himself to age his wines and began to experiment with the French varieties he had planted on his modest farm.", "slug": "domaine-du-castel-la-vie-blanc-2018", "image_url": "https://images.vivino.com/thumbs/HjQUQEERRxekxRQnrMTx1g_pb_x600.png", "image": "HjQUQEERRxekxRQnrMTx1g_pb_x600.png", "wtype": "white", "style": "tropical and balanced", "region": 22, "list_price": "69.99", "discounted_price": "65.00", "parker_points": 91, "star_rating": "4.0", "alcohol_content": "12.0"}}, {"model": "wines.wine", "pk": 43, "fields": {"created": "2020-12-15T17:40:35.021Z", "modified": "2020-12-28T20:44:53.991Z", "winery": 41, "name": "Flam Rose", "vintage": 2019, "grape_blend": "Cabernet-Franc", "one_liner": "Cabernet Franc grown on the Judaen Hills above Jerusalem", "description": "From the Judean Hills in Israel, a kosher wine made from 100% Cabernet Franc grown at 650 metres altitude. A pale- to medium salmon pink, the nose here is lovely, crammed with crushed rasperberry and redcurrant, rose-hip and tiny floral notes. In the mouth it is bursting with fruit, a peachy sweetness cut by a tang of grapefruit to the acidity. Long and beautifully tangy and fresh. No UK stockist for this 2017 vintage at time of review, so stockist for an earlier vintage shown.", "slug": "flam-winery-flam-rose-2019", "image_url": "https://images.vivino.com/thumbs/CKi3ERChRnyHTZy1sDb5jA_pb_x600.png", "image": "CKi3ERChRnyHTZy1sDb5jA_pb_x600.png", "wtype": "rose", "style": "rich and fruity", "region": 23, "list_price": "79.99", "discounted_price": null, "parker_points": 88, "star_rating": "3.8", "alcohol_content": "12.0"}}, {"model": "wines.wine", "pk": 44, "fields": {"created": "2020-12-15T17:40:35.022Z", "modified": "2020-12-28T20:45:56.890Z", "winery": 42, "name": "Family Reserve Cabarnet-Sauvignon - Cabernet Franc", "vintage": 2017, "grape_blend": "Cabernet-Sauvignon Cabernet-Franc", "one_liner": "Cabernet Franc  Cabernet Sauvignon combined blend has been so successful, this is a great example of new world wine.", "description": "Dark red in colour with Intense nose of dark fruits, ripe strawberry, jam, dried fig, plum, dark cacao and coffee. Full and creamy on the palate; well-structured, long finish with notes of coffee and prunes. Curic's vineyards are planted with more varieties than anywhere else in Chile. The first two grapes mentioned above are the most heavily planted, as they were when the region first appeared on the international wine map.", "slug": "potro-de-piedra-family-reserve-cabarnet-sauvignon-cabernet-franc-2017", "image_url": "https://images.vivino.com/thumbs/a6-c-y20SOKiAeJyNSjL_Q_pb_x600.png", "image": "a6-c-y20SOKiAeJyNSjL_Q_pb_x600.png", "wtype": "red", "style": "chocolate and caramel", "region": 24, "list_price": "69.99", "discounted_price": null, "parker_points": 90, "star_rating": "4.3", "alcohol_content": "14.0"}}, {"model": "wines.wine", "pk": 45, "fields": {"created": "2020-12-15T17:40:35.024Z", "modified": "2020-12-28T20:46:43.456Z", "winery": 43, "name": "Gran Reserva Syrah - Cabernet Sauvignon", "vintage": 2017, "grape_blend": "Syrah - Cabernet Sauvignon", "one_liner": "Coffee nose. Palate with red fruit, lots of vanilla, milk chocolate, eucalyptus. Long finish.", "description": "Intense cherry colour. Full nose of raspberry, rose essence, black pepper, nutmeg and coffee beans. Full bodied and dry, fresh and round on the palate and a pleasant finish with hints of vanilla.", "slug": "toro-de-piedra-gran-reserva-syrah-cabernet-sauvignon-2017", "image_url": "https://images.vivino.com/thumbs/pkswbZNiT-iLS4VjYV6ISA_pb_x600.png", "image": "pkswbZNiT-iLS4VjYV6ISA_pb_x600.png", "wtype": "red", "style": "bold and structured", "region": 24, "list_price": "79.99", "discounted_price": "75.00", "parker_points": 89, "star_rating": "4.1", "alcohol_content": "14.0"}}, {"model": "wines.wine", "pk": 46, "fields": {"created": "2020-12-15T17:40:35.026Z", "modified": "2020-12-28T20:47:52.861Z", "winery": 44, "name": "Reserve Carmenre", "vintage": 2013, "grape_blend": "Carmenere", "one_liner": "Excellent bouquet with an excellent finish of chocolate and barrel smoke.", "description": "Deep red colour with purple highlights. Intense nose of blackberries, sweet spices, menthol and a hint of smoke. Lush mouth entry, great fruit concentration with round tannins and long, pleasant aftertaste. Pair with Soused rabbit.", "slug": "puerto-viejo-reserve-carmenere-2013", "image_url": "https://images.vivino.com/thumbs/yGgXgix5QK6W_yhDPCa5Ew_pb_x600.png", "image": "yGgXgix5QK6W_yhDPCa5Ew_pb_x600.png", "wtype": "red", "style": "bold and structured", "region": 24, "list_price": "79.99", "discounted_price": null, "parker_points": 88, "star_rating": "3.8", "alcohol_content": "13.5"}}, {"model": "wines.wine", "pk": 47, "fields": {"created": "2020-12-15T17:40:35.027Z", "modified": "2020-12-28T20:48:41.479Z", "winery": 44, "name": "Reserve Chardonnay", "vintage": 2017, "grape_blend": "Chardonnay", "one_liner": "Fruity wine. Powerfull smell and taste, hint of vanila pinaple and almond blossoms.", "description": "A straw yellow wine with golden accents. Dry and full bodied with an intense nose of pineapple, vanilla and almond blossoms. Fresh in the starter; around in the middle with notes of citrus and pineapple and a long finish.", "slug": "puerto-viejo-reserve-chardonnay-2017", "image_url": "https://images.vivino.com/thumbs/rHBYSnaoSNa8b77OFyahDw_pb_x600.png", "image": "rHBYSnaoSNa8b77OFyahDw_pb_x600.png", "wtype": "white", "style": "tropical and balanced", "region": 25, "list_price": "59.99", "discounted_price": null, "parker_points": 85, "star_rating": "3.7", "alcohol_content": "12.5"}}, {"model": "wines.wine", "pk": 48, "fields": {"created": "2020-12-15T17:40:35.028Z", "modified": "2020-12-28T20:49:56.414Z", "winery": 45, "name": "Sauvignon Blanc", "vintage": 2019, "grape_blend": "Sauvignon Blanc", "one_liner": "A flinty wine rather typical of Chile. Light fruit and some acidity.", "description": "Curic Valley is a wine-producing region in central Chile, located roughly 115 miles (185km) south of the capital, Santiago. It is divided into two sub-regions: Teno in the north and Lontue Valley in the south. The valley is known for its reliable, good value everyday wines, particularly the reds made from Cabernet Sauvignon and whites from Sauvignon Blanc and Chardonnay. Curic's vineyards are planted with more varieties than anywhere else in Chile. The first two grapes mentioned above are the most heavily planted, as they were when the region first appeared on the international wine map.", "slug": "arte-noble-sauvignon-blanc-2019", "image_url": "https://images.vivino.com/thumbs/aFNnT0LkQOC3klhVJbRcVg_pb_x600.png", "image": "aFNnT0LkQOC3klhVJbRcVg_pb_x600.png", "wtype": "white", "style": "green and flinty", "region": 24, "list_price": "55.00", "discounted_price": "52.50", "parker_points": 83, "star_rating": "3.5", "alcohol_content": "13.5"}}, {"model": "wines.wine", "pk": 49, "fields": {"created": "2020-12-15T17:40:35.030Z", "modified": "2020-12-28T20:52:26.759Z", "winery": 46, "name": "Parcela 7 Gran Reserva", "vintage": 2015, "grape_blend": "Bordeaux Blend", "one_liner": "Aconcagua Valley is an established wine-producing region of Chile, located 100 kilometres north of Santiago.", "description": "Parcela #7 is a superb single vineyard blend of Cabernet Sauvignon, Petit Verdot, Merlot and Cabernet Franc, organically farmed and aged in French oak for 14 months prior to bottling. Brick red and medium-bodied, the complex nose reveals redcurrant and blackberry notes with undertones of forest floor, hazelnut and herbs. The palate is rich and savoury, starting with sweet loganberry and tangy redcurrant followed by leather, cedar, dried meats and hints of truffle and black pepper, all supported by fine, supple tannins.", "slug": "von-siebenthal-parcela-7-gran-reserva-2015", "image_url": "https://images.vivino.com/thumbs/P-liMfMWRbmSs5g3Qw78WA_pb_x600.png", "image": "P-liMfMWRbmSs5g3Qw78WA_pb_x600.png", "wtype": "red", "style": "bold and structured", "region": 26, "list_price": "79.99", "discounted_price": null, "parker_points": 86, "star_rating": "4.2", "alcohol_content": "14.0"}}, {"model": "wines.wine", "pk": 50, "fields": {"created": "2020-12-15T17:40:35.031Z", "modified": "2020-12-28T20:52:01.819Z", "winery": 47, "name": "Massal 1945", "vintage": 2017, "grape_blend": "Cabernet Sauvignon", "one_liner": "Very nice chilean wine bold and structured smooth, no frills but very very consistent, excellent!", "description": "The Central Valley (El Valle Central) of Chile is one of the most important wine-producing areas in South America in terms of volume. It is also one of the largest wine regions, stretching from the Maipo Valley (just south of Santiago) to the southern end of the Maule Valley. This is a distance of almost 250 miles (400km) and covers a number of climate types. The Central Valley wine region is easily (and often) confused with the geological Central Valley, which runs northsouth for more than 620 miles (1000km) between the Pacific Coastal Ranges and the lower Andes.", "slug": "clos-de-luz-massal-1945-2017", "image_url": "https://images.vivino.com/thumbs/WIrXvsjRT1KViWKUELXsTA_pb_x600.png", "image": "WIrXvsjRT1KViWKUELXsTA_pb_x600.png", "wtype": "red", "style": "bold and structured", "region": 27, "list_price": "69.99", "discounted_price": "65.00", "parker_points": 90, "star_rating": "4.3", "alcohol_content": "13.5"}}, {"model": "wines.wine", "pk": 51, "fields": {"created": "2020-12-15T17:40:35.033Z", "modified": "2020-12-28T20:53:18.761Z", "winery": 48, "name": "Late Harvest", "vintage": 2017, "grape_blend": "Sauvignon Blanc", "one_liner": "A nice example of a honeyed and floral sweet. Honey, apricot, ripe peach. Good aftertaste!", "description": "Via Errazuriz is a Chilean wine estate founded in the Aconcagua Valley in 1870 by Don Maximiano Errazuriz, who travelled on horseback out beyond established vineyard areas near Santiago to find the best possible terroir. By the time of the first release in 1873, the estate had over 300 hectares (740 acres) of vineyards. By 1890 this figure had risen to 700 hectares (1730 acres), making Errazuriz the largest wine estate in the world owned by an individual.", "slug": "errazuriz-late-harvest-2017", "image_url": "https://images.vivino.com/thumbs/3Znw4AbZRTC9MNys7yCCpw_pb_x600.png", "image": "3Znw4AbZRTC9MNys7yCCpw_pb_x600.png", "wtype": "white", "style": "lush and balanced", "region": 28, "list_price": "59.99", "discounted_price": null, "parker_points": 88, "star_rating": "3.9", "alcohol_content": "12.0"}}, {"model": "customers.customer", "pk": 1, "fields": {"user": 1, "primary_phone_number": "0872243324", "primary_street_address1": "1 Microsoft Way", "primary_street_address2": null, "primary_town_or_city": "Lost Way", "primary_county": "Washington", "primary_postcode": "777", "primary_country": "UY"}}, {"model": "customers.customer", "pk": 2, "fields": {"user": 2, "primary_phone_number": "+353872243324", "primary_street_address1": "Lost Way23", "primary_street_address2": "Heaven", "primary_town_or_city": "Redmond", "primary_county": "Washington", "primary_postcode": "98052", "primary_country": "KN"}}]